Temperature,Melted
1443.2,0
1549.2,0
4380.3,1
4414.7,1
879.3,0
208.1,0
1288.6,0
904.9,0
4482.7,1
2095.7,0
667.2,0
1900.1,0
3068.0,0
3595.0,1
4757.8,1
2478.2,0
4340.6,1
3895.8,1
2278.5,0
1308.5,0
1405.6,0
3228.7,0
1456.4,0
4989.3,1
3919.0,1
1932.0,0
1429.8,0
2065.3,0
242.6,0
3536.4,1
2708.9,0
4230.9,1
1859.1,0
2263.7,0
1042.7,0
3342.3,0
2169.7,0
4436.5,1
1710.9,0
4785.2,1
4729.1,1
3604.6,1
259.1,0
4247.7,1
1546.8,0
1942.5,0
2777.3,0
582.0,0
4786.0,1
2939.4,0
3084.1,0
1806.9,0
2877.1,0
3995.9,1
3118.3,0
4447.4,1
1942.9,0
456.6,0
4308.3,1
2588.3,0
1564.3,0
4342.7,1
2407.9,0
286.2,0
4513.0,1
2939.6,0
46.8,0
2098.1,0
3292.1,0
304.2,0
4067.3,1
4823.7,1
4636.2,1
3924.6,1
2769.2,0
1677.2,0
3954.4,1
4094.2,1
3812.2,1
1937.8,0
3622.8,1
78.9,0
3508.4,1
1330.8,0
3969.6,1
3477.0,1
945.8,0
3784.8,1
3616.6,1
1291.7,0
4156.7,1
664.3,0
4275.3,1
4364.1,1
4564.4,1
557.7,0
2868.9,0
2924.5,0
3838.3,1
1269.7,0
3416.2,0
1740.4,0
3705.5,1
478.7,0
3962.0,1
2792.0,0
2352.2,0
288.4,0
2071.8,0
4610.7,1
938.4,0
1517.3,0
813.9,0
107.0,0
1363.2,0
3767.4,1
1631.1,0
678.8,0
3756.5,1
466.0,0
2151.6,0
356.1,0
654.5,0
2813.7,0
1872.4,0
4598.6,1
2760.5,0
1470.6,0
2775.3,0
2735.3,0
2877.4,0
491.9,0
3831.7,1
4261.5,1
3503.3,1
3693.3,1
1135.6,0
360.9,0
818.6,0
2153.4,0
2250.0,0
762.1,0
4027.8,1
3193.6,0
344.7,0
4026.2,1
516.4,0
4851.5,1
1102.9,0
854.7,0
3862.3,1
2359.7,0
4724.1,1
1493.9,0
3505.1,1
2846.1,0
2775.5,0
1235.5,0
4991.7,1
3080.0,0
3029.4,0
4801.3,1
1498.8,0
2073.8,0
1051.7,0
2065.9,0
3063.1,0
54.3,0
230.0,0
3041.4,0
1012.0,0
3876.0,1
1269.5,0
2541.9,0
3856.2,1
3327.7,0
1879.4,0
4073.7,1
773.8,0
4523.5,1
3953.5,1
756.1,0
2448.7,0
752.6,0
4049.1,1
781.8,0
2299.1,0
1820.7,0
3420.1,0
3882.0,1
1419.5,0
996.0,0
4847.7,1
333.8,0
3400.8,0
2693.6,0
1270.3,0
314.4,0
148.9,0
1565.6,0
544.1,0
3558.9,1
2923.4,0
4077.5,1
3336.0,0
1601.0,0
4873.8,1
820.9,0
4312.4,1
3113.4,0
2186.0,0
2732.0,0
4515.5,1
1828.0,0
4445.3,1
1043.0,0
4738.4,1
2555.9,0
2813.3,0
1474.6,0
2405.2,0
4042.6,1
2141.8,0
2164.8,0
106.6,0
1966.2,0
2449.6,0
4495.6,1
1940.5,0
4813.7,1
1942.6,0
1864.0,0
1608.6,0
2037.2,0
1742.4,0
3934.6,1
4494.5,1
2927.0,0
2182.4,0
4523.9,1
454.5,0
1122.3,0
2095.9,0
898.4,0
1040.8,0
1275.5,0
871.9,0
961.7,0
4397.3,1
2785.2,0
2742.5,0
4152.5,1
3202.3,0
4392.8,1
1437.1,0
3970.9,1
3911.7,1
3705.4,1
4166.1,1
2274.0,0
4953.1,1
1958.8,0
3050.3,0
1584.1,0
3918.4,1
257.9,0
252.7,0
1886.9,0
4376.6,1
4351.4,1
3637.6,1
752.9,0
4225.5,1
4123.1,1
1918.8,0
4504.5,1
251.8,0
905.5,0
3861.7,1
3963.6,1
2652.5,0
4667.6,1
4744.2,1
2223.0,0
3434.9,1
2570.0,0
1505.1,0
2738.0,0
4089.2,1
4249.2,1
1663.7,0
1234.5,0
3412.6,0
844.3,0
3248.9,0
4265.0,1
4860.7,1
3482.7,1
2470.8,0
3975.2,1
4938.9,1
2761.4,0
4441.2,1
932.0,0
1058.2,0
4334.9,1
1994.0,0
4057.6,1
2105.1,0
4755.0,1
1292.8,0
4068.5,1
2408.5,0
2142.8,0
4792.6,1
4436.6,1
3627.8,1
4131.9,1
3876.0,1
2828.1,0
2879.8,0
1674.4,0
4590.2,1
4071.3,1
1340.6,0
2641.3,0
3246.3,0
4846.8,1
578.6,0
2579.0,0
2343.4,0
2209.5,0
1137.3,0
4744.8,1
4970.4,1
3376.9,0
1013.0,0
4141.7,1
3387.2,0
850.6,0
575.6,0
3950.5,1
1261.8,0
3111.9,0
1411.2,0
886.1,0
4668.7,1
1710.5,0
36.6,0
4219.6,1
1885.9,0
1568.5,0
4608.9,1
3568.0,1
3080.9,0
1577.1,0
2467.9,0
1672.9,0
4966.5,1
3089.8,0
1894.0,0
2678.1,0
1001.8,0
2274.7,0
770.6,0
1711.9,0
3642.1,1
2590.4,0
1521.2,0
3141.7,0
1542.1,0
967.9,0
1241.1,0
1774.8,0
2748.8,0
1824.7,0
2106.8,0
2775.3,0
1009.7,0
1026.7,0
20.8,0
611.4,0
4150.8,1
780.7,0
2667.5,0
1338.2,0
2412.6,0
1793.0,0
4462.8,1
4028.8,1
2952.1,0
3818.0,1
1462.7,0
4571.9,1
4768.5,1
1489.8,0
2067.3,0
3846.9,1
4730.8,1
3826.1,1
3224.7,0
1137.0,0
2384.5,0
3853.6,1
1514.2,0
2086.6,0
3131.1,0
4194.9,1
2360.2,0
3097.2,0
3988.8,1
520.0,0
4452.6,1
631.4,0
188.4,0
596.4,0
4135.3,1
1830.2,0
4790.1,1
3199.4,0
640.1,0
3980.3,1
1319.7,0
4518.6,1
4038.6,1
623.7,0
178.1,0
2033.1,0
42.5,0
4227.4,1
1754.8,0
3274.2,0
263.4,0
463.6,0
4054.3,1
430.5,0
1825.6,0
69.0,0
1270.4,0
529.0,0
4936.5,1
4948.9,1
1638.7,0
4646.4,1
1189.5,0
3061.9,0
1141.6,0
15.6,0
1280.8,0
1171.4,0
2223.9,0
4154.1,1
4730.4,1
3117.2,0
4360.0,1
2059.1,0
707.3,0
886.6,0
4587.1,1
709.0,0
3828.0,1
1352.8,0
336.5,0
341.6,0
3350.9,0
320.0,0
3126.5,0
2841.9,0
2829.4,0
4110.2,1
543.3,0
3354.5,0
682.2,0
2373.2,0
4671.0,1
1093.0,0
475.8,0
3436.4,1
636.4,0
3482.7,1
2218.3,0
1042.9,0
2128.8,0
4155.1,1
3309.8,0
2004.2,0
2966.6,0
4506.3,1
3173.9,0
2920.0,0
3620.1,1
182.8,0
630.6,0
4825.6,1
3237.8,0
142.0,0
4633.2,1
4562.7,1
3219.9,0
816.0,0
981.6,0
2122.8,0
1429.2,0
1007.6,0
2481.0,0
4072.3,1
3464.9,1
19.7,0
4094.9,1
1793.1,0
861.6,0
1144.5,0
2751.8,0
2325.0,0
112.2,0
4091.9,1
3851.3,1
2767.0,0
3913.1,1
3668.4,1
2674.3,0
2801.1,0
3676.8,1
4471.1,1
1138.9,0
3196.6,0
363.7,0
3075.2,0
4214.5,1
868.8,0
3921.8,1
1884.0,0
4131.2,1
311.2,0
4165.6,1
4918.8,1
3456.2,1
1249.9,0
4203.4,1
3196.1,0
2828.1,0
1461.1,0
4269.6,1
3885.9,1
2817.5,0
272.4,0
4460.4,1
4652.2,1
4104.7,1
4143.2,1
3378.0,0
4570.8,1
2021.3,0
2038.9,0
4008.2,1
1477.7,0
3551.6,1
1087.8,0
737.8,0
109.9,0
1053.1,0
1110.7,0
868.8,0
3473.0,1
2126.7,0
4340.1,1
3861.9,1
916.8,0
987.8,0
1169.4,0
3002.2,0
3254.6,0
4211.6,1
1235.2,0
4633.6,1
4508.2,1
1960.1,0
4923.7,1
441.6,0
2220.5,0
2640.6,0
2403.7,0
4503.3,1
3386.4,0
91.4,0
736.4,0
3693.0,1
699.7,0
2946.1,0
989.1,0
1606.4,0
2192.4,0
422.9,0
4944.4,1
1852.0,0
3046.6,0
3025.1,0
506.3,0
2620.8,0
4133.6,1
4030.4,1
261.6,0
3715.5,1
700.2,0
2536.1,0
273.7,0
3622.6,1
4456.3,1
1107.1,0
569.1,0
4209.6,1
3339.9,0
3225.9,0
4232.4,1
2074.0,0
26.6,0
4260.1,1
518.9,0
1091.1,0
2475.4,0
4955.6,1
225.2,0
1947.9,0
3565.6,1
4309.4,1
1139.6,0
2328.9,0
1720.5,0
1867.2,0
1316.0,0
2754.6,0
765.3,0
523.3,0
3915.3,1
1867.8,0
2035.4,0
72.2,0
4620.2,1
4051.0,1
2723.0,0
3166.3,0
2690.0,0
1593.8,0
4908.0,1
1656.6,0
1889.7,0
2183.1,0
3550.2,1
2598.5,0
751.3,0
71.9,0
2655.8,0
2812.1,0
2460.0,0
3642.3,1
2232.3,0
601.1,0
424.2,0
2192.3,0
4329.0,1
1360.8,0
1602.1,0
69.8,0
4508.8,1
3997.2,1
260.8,0
1687.6,0
3187.1,0
1173.9,0
2586.5,0
4152.4,1
1880.0,0
387.9,0
2758.4,0
1845.0,0
2945.9,0
4214.1,1
1838.9,0
1869.3,0
1572.6,0
86.1,0
292.5,0
2478.1,0
3702.3,1
18.9,0
2683.9,0
3092.2,0
3870.1,1
1610.0,0
4287.2,1
4788.2,1
2105.3,0
2850.3,0
3549.2,1
1536.2,0
2237.2,0
296.4,0
263.3,0
478.8,0
332.2,0
2613.7,0
820.7,0
3549.8,1
4053.2,1
4405.5,1
2304.9,0
1560.2,0
38.3,0
293.1,0
1332.9,0
3713.4,1
1451.0,0
3793.0,1
859.3,0
757.5,0
2677.7,0
1575.5,0
4990.6,1
262.7,0
190.0,0
3766.6,1
3289.9,0
139.3,0
1080.7,0
1980.9,0
3506.9,1
4902.9,1
4402.2,1
3866.6,1
2944.8,0
3905.9,1
854.3,0
4860.6,1
4905.4,1
4040.4,1
4442.5,1
4769.3,1
253.5,0
3353.7,0
3013.2,0
3236.9,0
294.1,0
4194.9,1
3997.9,1
259.0,0
2080.4,0
111.0,0
3406.8,0
1571.0,0
355.0,0
4775.5,1
1942.3,0
432.3,0
2080.6,0
2512.7,0
4192.1,1
350.0,0
1551.9,0
3504.3,1
4582.8,1
2703.4,0
203.4,0
4058.7,1
4581.6,1
228.2,0
3969.8,1
387.4,0
403.1,0
559.2,0
4044.3,1
3132.5,0
3638.0,1
4416.3,1
2565.2,0
620.7,0
3871.9,1
402.8,0
4956.4,1
4762.0,1
4172.2,1
4483.6,1
493.5,0
3103.7,0
562.2,0
3053.4,0
2430.8,0
2311.5,0
2805.9,0
1491.7,0
713.1,0
493.7,0
3783.9,1
2987.9,0
3499.3,1
2682.9,0
2931.2,0
4052.6,1
4743.8,1
281.6,0
1225.6,0
2601.3,0
2543.9,0
538.6,0
4250.9,1
4450.0,1
381.1,0
2680.5,0
3534.5,1
380.6,0
1046.0,0
458.5,0
1406.1,0
809.1,0
3855.0,1
1688.0,0
4488.4,1
2421.2,0
1036.3,0
1970.2,0
452.2,0
661.5,0
1469.5,0
332.5,0
4472.1,1
4875.3,1
3477.2,1
2878.7,0
1257.1,0
3992.3,1
2774.2,0
1018.4,0
1271.0,0
990.9,0
3454.0,1
4196.9,1
1828.1,0
4652.0,1
1930.8,0
805.5,0
3134.6,0
2317.0,0
4367.0,1
2032.4,0
906.0,0
3213.4,0
4240.2,1
3005.6,0
2576.6,0
2172.0,0
526.3,0
3160.6,0
4630.2,1
1691.7,0
3705.1,1
4254.4,1
4012.8,1
552.5,0
1155.1,0
3762.9,1
2362.6,0
2992.0,0
63.6,0
395.0,0
2341.0,0
868.8,0
4235.0,1
4710.1,1
3894.6,1
623.9,0
4834.5,1
108.1,0
1301.4,0
197.6,0
3652.4,1
2515.6,0
3548.8,1
199.2,0
4872.8,1
1138.5,0
2575.9,0
3498.4,1
422.8,0
3318.3,0
2142.6,0
1020.7,0
148.8,0
3406.8,0
2624.9,0
3169.1,0
4377.0,1
723.6,0
3918.0,1
2588.5,0
598.8,0
256.6,0
2190.2,0
4881.7,1
3225.5,0
4120.2,1
3115.4,0
2624.2,0
2881.5,0
4619.8,1
1164.3,0
3038.9,0
611.2,0
4649.1,1
4755.1,1
2797.1,0
4139.4,1
1175.3,0
126.5,0
3682.1,1
3797.0,1
3850.1,1
1579.2,0
4859.8,1
414.2,0
3340.7,0
1368.5,0
4982.2,1
3608.0,1
1503.6,0
3247.4,0
622.0,0
1021.4,0
1212.0,0
2248.6,0
1211.3,0
2567.6,0
2771.9,0
1749.2,0
3486.3,1
4280.6,1
2673.9,0
334.7,0
1898.2,0
815.1,0
2248.9,0
1611.4,0
4240.2,1
1152.1,0
1624.4,0
403.6,0
1409.3,0
439.2,0
4538.2,1
4433.1,1
2482.0,0
4388.7,1
216.9,0
3092.6,0
1614.2,0
4737.5,1
3669.5,1
3862.9,1
4708.5,1
4063.0,1
2436.8,0
3524.6,1
3366.9,0
4968.4,1
1850.0,0
4678.8,1
4664.9,1
3191.0,0
4113.4,1
1167.0,0
2465.4,0
3655.1,1
2842.6,0
2912.0,0
2811.0,0
636.8,0
1550.5,0
939.4,0
2169.1,0
3049.0,0
3306.0,0
2713.2,0
2108.1,0
4027.0,1
4340.5,1
3495.4,1
4870.0,1
3106.5,0
480.3,0
4458.5,1
4418.7,1
3747.3,1
4015.1,1
3335.9,0
4771.1,1
4840.3,1
3527.4,1
3612.9,1
204.0,0
585.5,0
4776.6,1
192.4,0
4952.2,1
357.3,0
3966.5,1
4504.9,1
1795.6,0
4893.3,1
2108.6,0
4565.1,1
1064.4,0
4340.6,1
2735.0,0
358.6,0
713.8,0
4327.1,1
3905.4,1
53.2,0
3822.0,1
1456.8,0
908.8,0
1369.1,0
4165.2,1
4445.0,1
4764.6,1
2756.9,0
436.1,0
1672.8,0
1126.6,0
1650.5,0
2431.0,0
3318.8,0
2182.7,0
4344.5,1
3809.3,1
124.5,0
4350.6,1
2069.5,0
1457.5,0
803.7,0
4401.4,1
3229.0,0
3912.7,1
1586.1,0
744.6,0
94.4,0
465.0,0
466.2,0
2201.1,0
3524.6,1
3282.5,0
497.0,0
41.9,0
2295.5,0
3068.2,0
2489.0,0
3132.7,0
367.7,0
1373.3,0
669.8,0
1914.0,0
714.1,0
3038.1,0
3713.0,1
1793.7,0
2200.5,0
4855.1,1
861.6,0
374.1,0
4280.0,1
1086.8,0
2477.2,0
4983.2,1
2552.1,0
1451.2,0
787.7,0
2253.7,0
2931.6,0
1336.2,0
721.6,0
4998.6,1
4229.9,1
180.9,0
3325.6,0
4381.4,1
3571.6,1
220.3,0
683.8,0
827.3,0
1289.0,0
1810.6,0
4256.9,1
4076.4,1
3164.3,0
4712.2,1
452.4,0
2707.7,0
4830.7,1
4542.1,1
394.3,0
916.5,0
2650.1,0
1730.2,0
4198.3,1
861.3,0
839.9,0
4056.0,1
839.1,0
3100.1,0
3826.6,1
702.7,0
156.2,0
4021.7,1
124.0,0
1254.0,0
4567.2,1
1588.1,0
2584.9,0
643.0,0
1726.5,0
3089.8,0
3088.4,0
2157.2,0
2837.5,0
271.5,0
2835.8,0
685.6,0
4236.0,1
1363.4,0
4260.1,1
3162.5,0
828.9,0
2404.4,0
1289.7,0
2006.4,0
4712.7,1
3796.6,1
4817.5,1
2280.4,0
4701.9,1
4400.7,1
2691.0,0
544.2,0
1252.1,0
3167.7,0
602.3,0
4280.8,1
3577.0,1
4402.8,1
2068.8,0
1966.7,0
3196.5,0
4850.3,1
2433.5,0
2476.1,0
3898.9,1
1061.1,0
4159.2,1
4028.9,1
2121.8,0
3949.9,1
3567.3,1
93.4,0
2538.9,0
1.7,0
922.3,0
2857.0,0
4517.3,1
2121.4,0
2093.5,0
2423.2,0
4263.6,1
2425.4,0
2911.7,0
4041.3,1
3559.2,1
4404.5,1
3761.5,1
2435.4,0
3127.5,0
504.3,0
1483.1,0
951.5,0
2222.9,0
2169.2,0
2465.4,0
2602.2,0
39.1,0
1555.2,0
4860.7,1
4105.3,1
1542.9,0
1695.3,0
4351.4,1
2316.6,0
4350.7,1
2157.4,0
1057.2,0
2448.6,0
3057.5,0
4119.5,1
2047.6,0
4925.6,1
726.8,0
4597.0,1
4361.1,1
2117.1,0
4943.7,1
4412.0,1
3903.2,1
3526.0,1
2005.7,0
3777.2,1
3618.0,1
4992.7,1
1304.9,0
4725.6,1
1843.3,0
1751.2,0
3257.6,0
2080.8,0
4913.4,1
3226.5,0
1049.1,0
836.5,0
4778.6,1
2367.5,0
19.9,0
3176.1,0
1116.0,0
1251.1,0
1310.1,0
3500.0,1
1277.4,0
3229.5,0
3344.2,0
4297.6,1
1912.7,0
450.3,0
4707.3,1
1908.5,0
1399.7,0
3936.6,1
4877.1,1
4613.2,1
1705.0,0
3579.4,1
1695.2,0
4759.4,1
2856.8,0
325.0,0
1589.9,0
4588.5,1
1295.5,0
897.4,0
112.1,0
3095.8,0
511.8,0
2429.9,0
1241.2,0
1501.9,0
2244.5,0
2412.8,0
1738.9,0
1247.2,0
964.5,0
2058.6,0
1261.4,0
1963.2,0
1384.6,0
4318.2,1
93.5,0
1931.8,0
4645.0,1
3149.6,0
4117.5,1
3187.9,0
1876.0,0
2383.8,0
3808.4,1
637.1,0
1771.8,0
1907.5,0
4964.2,1
2245.1,0
3193.1,0
924.8,0
1805.3,0
887.9,0
319.3,0
619.2,0
4195.2,1
3945.4,1
1015.6,0
4070.2,1
671.6,0
529.2,0
4761.1,1
1334.0,0
3167.9,0
4574.8,1
3679.8,1
3973.7,1
425.1,0
540.2,0
945.6,0
4248.9,1
4290.8,1
2606.3,0
3394.1,0
3059.9,0
1177.7,0
796.8,0
431.2,0
246.4,0
1428.2,0
679.9,0
1503.7,0
1071.6,0
1951.9,0
2274.8,0
877.8,0
1515.6,0
4222.2,1
4241.6,1
1921.1,0
1006.2,0
3297.8,0
1215.5,0
4124.8,1
3683.7,1
2663.2,0
4901.0,1
406.9,0
3892.7,1
419.8,0
2513.1,0
2311.0,0
4340.3,1
3089.7,0
481.0,0
1640.4,0
1608.7,0
1457.3,0
796.6,0
3887.4,1
3356.7,0
4160.2,1
2680.4,0
4382.3,1
4993.2,1
1355.9,0
1151.4,0
4973.9,1
1426.5,0
1882.7,0
808.6,0
697.8,0
365.3,0
304.1,0
1821.9,0
593.1,0
4720.3,1
3436.1,1
1173.1,0
1540.9,0
1371.2,0
1833.9,0
2958.3,0
2527.2,0
2055.0,0
245.9,0
3795.9,1
3435.1,1
1737.2,0
1829.0,0
4334.8,1
4355.8,1
1826.5,0
2016.6,0
4114.6,1
4976.0,1
2282.4,0
1624.0,0
1663.6,0
2043.8,0
4971.6,1
81.3,0
1853.2,0
1459.3,0
634.6,0
3464.2,1
830.0,0
1754.2,0
3157.5,0
1039.8,0
2181.2,0
3387.0,0
1686.9,0
451.1,0
3374.9,0
739.0,0
3910.9,1
3926.2,1
3861.2,1
2105.7,0
3469.6,1
122.7,0
2526.2,0
2897.4,0
508.7,0
1671.3,0
2657.5,0
1972.3,0
1155.3,0
1597.4,0
221.2,0
3146.5,0
1336.8,0
3944.8,1
4922.1,1
4489.1,1
3981.8,1
4994.6,1
1511.2,0
2162.7,0
4157.1,1
4554.7,1
3257.7,0
486.1,0
1940.1,0
4079.6,1
2755.4,0
2279.4,0
3098.2,0
546.7,0
3120.3,0
3616.6,1
4220.0,1
2244.0,0
3687.4,1
4098.5,1
3571.8,1
1313.6,0
1991.9,0
895.4,0
2038.2,0
3217.1,0
3210.2,0
3727.7,1
3348.6,0
3430.1,1
3393.2,0
682.1,0
1900.4,0
695.9,0
400.3,0
3401.9,0
4569.8,1
286.8,0
701.9,0
1527.4,0
1625.9,0
2637.7,0
4546.9,1
3891.4,1
3915.2,1
4082.9,1
1802.6,0
4168.0,1
2999.6,0
1744.5,0
4378.1,1
3703.9,1
299.8,0
731.4,0
3446.3,1
4758.9,1
4201.0,1
3953.0,1
2669.3,0
3398.4,0
2934.7,0
847.8,0
426.7,0
3123.5,0
2233.2,0
4995.8,1
389.8,0
4926.5,1
2752.1,0
4085.9,1
4724.8,1
1339.8,0
4712.1,1
3506.9,1
3416.9,0
49.1,0
2486.5,0
17.8,0
4319.3,1
3685.6,1
4920.7,1
3530.9,1
2709.8,0
1946.6,0
783.7,0
3969.0,1
4620.3,1
1854.2,0
1623.3,0
316.0,0
736.3,0
3326.3,0
236.0,0
2092.4,0
36.4,0
696.1,0
1208.3,0
848.3,0
3189.0,0
4033.6,1
766.3,0
2460.2,0
829.7,0
4650.1,1
4486.9,1
1281.2,0
3729.8,1
2202.5,0
754.5,0
2157.1,0
3442.1,1
2965.5,0
4143.6,1
2205.7,0
1114.1,0
488.1,0
2063.2,0
3008.6,0
1906.2,0
402.4,0
1054.3,0
225.0,0
322.6,0
1205.4,0
495.1,0
2672.1,0
794.3,0
1848.1,0
3056.2,0
4717.3,1
4790.1,1
1584.3,0
4490.5,1
2869.6,0
1436.4,0
4866.1,1
3552.5,1
1903.6,0
1251.8,0
254.1,0
2884.0,0
65.6,0
4152.1,1
1764.7,0
3886.6,1
1393.5,0
43.1,0
3818.2,1
3584.3,1
3198.8,0
4396.0,1
3313.2,0
3689.2,1
1079.2,0
1435.7,0
2779.2,0
3325.8,0
173.7,0
2666.4,0
4547.2,1
1104.8,0
4104.1,1
4369.4,1
931.9,0
3984.7,1
3209.7,0
186.2,0
680.5,0
2652.4,0
4471.2,1
381.3,0
1173.8,0
4239.6,1
2390.7,0
4560.2,1
2035.5,0
150.2,0
3234.5,0
440.0,0
1194.1,0
1524.4,0
1722.0,0
3967.7,1
1607.3,0
2205.3,0
4832.3,1
3974.0,1
4256.8,1
627.8,0
3938.0,1
2645.2,0
689.3,0
1739.4,0
4300.1,1
4678.4,1
3259.7,0
3124.4,0
2023.2,0
2430.0,0
1832.8,0
334.3,0
2017.3,0
1339.2,0
3695.5,1
1136.2,0
1303.7,0
4449.4,1
2295.3,0
4669.4,1
3038.6,0
362.1,0
1529.5,0
3577.7,1
411.7,0
4083.6,1
637.3,0
1406.3,0
3865.6,1
1497.1,0
4219.5,1
2261.2,0
3451.9,1
842.9,0
62.3,0
1468.2,0
4376.2,1
3926.7,1
4747.1,1
4763.7,1
3434.6,1
4808.2,1
3806.9,1
1959.7,0
4813.6,1
4740.3,1
3758.6,1
4003.5,1
3059.0,0
3105.0,0
210.8,0
1296.2,0
15.4,0
2399.1,0
3933.7,1
609.8,0
4180.7,1
2429.7,0
2183.5,0
4222.8,1
1011.6,0
2110.0,0
1487.4,0
1507.0,0
1976.3,0
3519.6,1
4126.5,1
2323.7,0
935.1,0
3414.5,0
379.0,0
501.2,0
280.6,0
3809.5,1
3007.2,0
974.8,0
1730.6,0
872.2,0
1948.9,0
2734.6,0
2710.8,0
4125.1,1
3653.4,1
3852.5,1
2940.5,0
4431.6,1
3149.7,0
1743.7,0
3052.7,0
4152.0,1
40.1,0
3781.8,1
4487.4,1
1004.5,0
31.1,0
627.7,0
4569.5,1
3689.2,1
1399.0,0
1517.4,0
2125.6,0
1096.2,0
3299.0,0
4203.2,1
4595.3,1
562.7,0
1401.5,0
906.6,0
4945.3,1
4933.9,1
2020.5,0
2871.9,0
107.1,0
1055.0,0
4413.0,1
270.6,0
3874.7,1
1359.3,0
3060.4,0
1298.6,0
3662.1,1
4091.8,1
4074.7,1
3661.9,1
257.1,0
147.7,0
2333.2,0
23.6,0
980.5,0
3018.7,0
3721.3,1
3781.7,1
2257.7,0
239.1,0
1291.3,0
4048.7,1
1382.3,0
3197.5,0
22.4,0
115.8,0
462.4,0
1418.5,0
4331.1,1
1210.0,0
4854.0,1
2261.6,0
188.6,0
3032.6,0
877.3,0
83.2,0
923.5,0
788.6,0
2601.2,0
1989.9,0
33.4,0
2464.2,0
4072.6,1
3418.3,0
547.8,0
1035.9,0
2400.9,0
629.3,0
4602.1,1
4020.2,1
1561.4,0
1053.7,0
3183.1,0
3669.4,1
482.2,0
3468.4,1
3889.7,1
1421.9,0
3650.7,1
3861.0,1
4967.6,1
525.9,0
2423.0,0
197.6,0
4454.2,1
2258.5,0
2932.5,0
906.1,0
4047.2,1
4943.9,1
304.1,0
4824.0,1
2772.5,0
2587.7,0
1907.9,0
24.4,0
2642.0,0
2621.2,0
1708.5,0
4389.2,1
1687.5,0
4749.1,1
2823.1,0
942.1,0
122.9,0
2596.4,0
1413.2,0
2810.9,0
4047.9,1
4304.6,1
2388.2,0
3473.0,1
542.2,0
1733.0,0
1851.3,0
1135.9,0
3771.5,1
746.8,0
3479.7,1
2919.8,0
81.1,0
3773.0,1
3458.4,1
966.7,0
1042.9,0
2283.8,0
1774.7,0
3021.9,0
771.3,0
2297.3,0
1210.0,0
2934.2,0
4254.0,1
2334.2,0
3438.8,1
4874.6,1
999.9,0
199.7,0
2014.6,0
4307.0,1
684.9,0
907.7,0
423.1,0
273.6,0
2312.6,0
537.0,0
2928.1,0
2739.4,0
1504.8,0
3803.5,1
4489.2,1
3004.2,0
1383.9,0
1331.9,0
3900.1,1
1532.7,0
4310.8,1
3855.9,1
1011.0,0
4240.2,1
2587.2,0
21.4,0
3842.8,1
2636.1,0
4821.5,1
1753.8,0
3477.3,1
3348.2,0
1917.8,0
2937.3,0
873.3,0
4881.6,1
213.5,0
4233.4,1
1843.1,0
221.9,0
3725.2,1
222.0,0
3694.4,1
209.1,0
3984.8,1
3887.8,1
4831.1,1
1881.1,0
2098.9,0
4969.6,1
2250.6,0
971.7,0
2445.1,0
4837.1,1
3250.1,0
1793.7,0
73.0,0
2389.8,0
4911.5,1
2271.5,0
1471.4,0
405.3,0
1210.0,0
4409.4,1
32.2,0
2184.5,0
3057.1,0
2698.2,0
802.3,0
4424.8,1
3449.2,1
229.3,0
1164.2,0
3410.5,0
954.3,0
951.1,0
321.5,0
1680.1,0
3829.6,1
4619.0,1
758.4,0
3808.5,1
3631.0,1
264.7,0
544.7,0
849.8,0
576.2,0
382.2,0
290.3,0
3026.7,0
366.5,0
4562.5,1
470.0,0
334.3,0
2751.1,0
3036.7,0
2949.7,0
3186.6,0
1674.9,0
2026.1,0
2489.5,0
3295.5,0
2663.0,0
4246.1,1
3771.5,1
642.5,0
3065.7,0
430.8,0
327.1,0
1306.8,0
3473.8,1
946.4,0
3933.6,1
1483.5,0
2588.4,0
3095.4,0
983.3,0
1183.1,0
4596.9,1
2991.2,0
1110.4,0
3938.7,1
2248.0,0
4393.7,1
1480.1,0
3173.3,0
3331.6,0
3633.7,1
3690.3,1
4459.3,1
3138.0,0
3918.3,1
2126.2,0
1827.8,0
2509.9,0
4876.5,1
1515.7,0
4777.0,1
870.4,0
1118.7,0
2256.5,0
2228.3,0
1297.2,0
1216.9,0
1849.4,0
1089.6,0
295.6,0
2161.4,0
3726.3,1
4281.1,1
4032.0,1
363.2,0
3870.5,1
119.8,0
3260.6,0
1595.2,0
4192.3,1
1911.1,0
476.5,0
4837.8,1
1215.3,0
1780.1,0
3000.7,0
2280.6,0
751.1,0
4425.9,1
2343.4,0
3251.0,0
560.4,0
3796.2,1
1052.9,0
3369.0,0
2530.2,0
1001.5,0
2137.2,0
673.9,0
2951.5,0
3721.9,1
1217.8,0
2252.4,0
1398.1,0
4667.2,1
726.2,0
2206.8,0
1022.1,0
4389.8,1
3384.6,0
1736.4,0
4245.2,1
4146.8,1
2287.2,0
4507.5,1
957.9,0
4642.8,1
4625.1,1
4445.4,1
2949.1,0
1493.5,0
1393.4,0
3516.5,1
152.9,0
2810.7,0
1907.4,0
2922.7,0
4887.5,1
2569.3,0
3965.7,1
3759.8,1
4435.9,1
1477.6,0
4085.4,1
669.2,0
825.6,0
273.5,0
279.2,0
2655.9,0
1725.9,0
2428.0,0
3477.7,1
1314.3,0
3487.9,1
1807.6,0
361.8,0
2604.3,0
251.6,0
3670.2,1
1509.0,0
3735.2,1
2257.1,0
4229.3,1
1210.4,0
1626.6,0
2552.7,0
3714.4,1
2961.7,0
3451.3,1
3943.3,1
1501.6,0
1623.2,0
2057.2,0
464.9,0
3599.1,1
4159.7,1
4472.6,1
3352.9,0
834.9,0
3641.3,1
2640.0,0
2246.2,0
1450.1,0
1262.6,0
2884.8,0
951.1,0
2917.8,0
4392.3,1
871.6,0
673.2,0
2582.5,0
2578.9,0
2438.2,0
4441.7,1
952.8,0
3410.3,0
1883.3,0
277.9,0
4510.7,1
4112.1,1
4749.2,1
1690.8,0
3395.8,0
577.7,0
3092.5,0
511.8,0
295.7,0
4742.8,1
4426.5,1
3938.7,1
3154.4,0
4804.7,1
4916.8,1
3449.7,1
3899.1,1
1074.8,0
98.4,0
407.5,0
3664.8,1
3896.8,1
4912.9,1
1156.6,0
212.4,0
2362.1,0
2727.0,0
1849.4,0
1317.6,0
1920.0,0
188.7,0
284.8,0
200.1,0
1158.7,0
3353.0,0
1866.4,0
4791.0,1
2489.6,0
4866.4,1
4083.8,1
3915.8,1
404.2,0
4587.4,1
2861.7,0
3387.0,0
3958.9,1
1081.8,0
273.4,0
4465.9,1
3462.3,1
457.3,0
3277.6,0
1324.7,0
1223.8,0
615.1,0
2409.1,0
4150.7,1
4.7,0
3232.7,0
2119.9,0
757.4,0
2983.4,0
2330.5,0
2686.8,0
1646.3,0
3550.6,1
2400.9,0
783.0,0
4578.6,1
561.8,0
3175.6,0
9.2,0
3079.6,0
1206.2,0
3346.9,0
1088.1,0
4723.9,1
3053.7,0
1972.5,0
3513.7,1
4943.8,1
1497.1,0
2751.4,0
375.7,0
700.3,0
1073.5,0
4086.9,1
305.0,0
3439.0,1
2697.2,0
4922.6,1
4062.3,1
4733.3,1
597.6,0
3782.8,1
1386.1,0
2915.8,0
2093.5,0
850.3,0
3690.5,1
4132.6,1
4609.5,1
2018.4,0
4282.8,1
2182.9,0
712.2,0
1710.9,0
201.5,0
1680.2,0
4383.6,1
4640.2,1
2593.0,0
4314.8,1
2812.7,0
1526.3,0
3543.3,1
4246.9,1
2416.3,0
3308.4,0
215.7,0
3686.7,1
3282.5,0
2952.5,0
1080.1,0
3811.4,1
4287.0,1
131.5,0
1998.1,0
4442.3,1
2054.4,0
3883.2,1
2110.4,0
3056.5,0
4702.1,1
1993.7,0
4643.4,1
2457.9,0
2163.4,0
2567.9,0
116.7,0
94.9,0
3659.9,1
2603.5,0
971.1,0
2440.9,0
4332.3,1
3753.1,1
4543.5,1
4384.7,1
2585.2,0
4409.5,1
3727.2,1
2466.6,0
2037.6,0
968.2,0
1607.5,0
3616.6,1
3598.7,1
3492.6,1
4234.3,1
4466.4,1
4617.2,1
523.5,0
1036.5,0
1207.2,0
665.2,0
3480.9,1
3371.8,0
3205.6,0
4223.9,1
2227.9,0
3290.3,0
3714.5,1
4718.7,1
4777.5,1
322.2,0
2521.6,0
4162.1,1
1164.1,0
2186.4,0
2977.9,0
4213.1,1
193.7,0
3594.2,1
449.3,0
2398.9,0
354.4,0
3335.4,0
1417.6,0
390.2,0
4815.8,1
3849.1,1
2310.8,0
3596.8,1
2230.5,0
4980.1,1
2668.7,0
3555.5,1
488.5,0
2666.8,0
1741.1,0
1871.4,0
3697.9,1
2454.9,0
2375.7,0
841.1,0
3237.6,0
4202.5,1
3220.2,0
771.6,0
2306.0,0
3600.7,1
3586.6,1
2497.1,0
165.3,0
3659.6,1
2849.5,0
3332.4,0
2401.0,0
2600.1,0
2361.3,0
85.2,0
2630.5,0
1248.3,0
1169.9,0
3901.2,1
1338.6,0
4581.0,1
1694.3,0
1560.5,0
811.9,0
115.1,0
1133.8,0
2451.1,0
4980.3,1
1643.2,0
4921.2,1
4956.2,1
4674.5,1
4434.8,1
1660.2,0
1030.1,0
4542.9,1
125.4,0
435.3,0
3730.3,1
1642.0,0
993.4,0
3381.7,0
2907.6,0
4877.7,1
2817.2,0
3768.9,1
1351.1,0
3564.4,1
857.1,0
2582.2,0
4333.6,1
4627.0,1
1987.3,0
4949.0,1
2061.0,0
2366.7,0
3840.7,1
4925.6,1
540.8,0
4445.3,1
1232.0,0
33.0,0
2271.0,0
4613.2,1
3499.6,1
2094.8,0
2060.9,0
316.0,0
248.9,0
1315.3,0
887.5,0
4408.4,1
3130.3,0
1113.4,0
1860.6,0
3498.8,1
1635.2,0
2824.2,0
58.0,0
2865.1,0
3043.1,0
2746.2,0
1757.2,0
2973.9,0
558.4,0
2079.9,0
4001.1,1
2599.4,0
1751.8,0
2071.2,0
1927.3,0
218.3,0
11.3,0
2605.3,0
619.4,0
1700.3,0
2880.5,0
3924.3,1
1486.9,0
3655.6,1
903.9,0
4196.4,1
4327.4,1
1586.9,0
4798.3,1
1496.8,0
2440.5,0
4667.5,1
407.2,0
2277.2,0
719.4,0
2629.9,0
3461.0,1
2592.8,0
3756.6,1
2476.0,0
4363.8,1
2805.7,0
3942.2,1
2758.8,0
1401.3,0
2846.2,0
2848.9,0
1232.9,0
1512.3,0
2479.9,0
4560.4,1
4318.7,1
3099.9,0
3711.1,1
4720.9,1
686.5,0
3680.7,1
3098.5,0
550.1,0
2231.7,0
1862.4,0
1153.3,0
4494.6,1
425.7,0
4633.6,1
1717.7,0
2327.5,0
3391.2,0
1005.2,0
1024.9,0
1276.0,0
1641.4,0
2741.4,0
4904.6,1
255.5,0
2817.9,0
3452.5,1
2191.1,0
1928.5,0
41.2,0
4970.8,1
715.1,0
4641.9,1
3592.3,1
1538.9,0
3897.7,1
2610.6,0
1164.6,0
1597.3,0
2996.7,0
1542.3,0
1729.3,0
3153.3,0
2196.6,0
3172.2,0
1427.3,0
300.4,0
4050.6,1
3854.4,1
3322.4,0
3616.7,1
1066.2,0
515.5,0
912.9,0
2910.4,0
3143.3,0
3046.3,0
2348.6,0
3975.3,1
1780.9,0
1764.7,0
2835.7,0
1134.6,0
2536.6,0
2371.5,0
948.5,0
1942.6,0
701.7,0
3037.5,0
273.8,0
119.4,0
1809.0,0
4178.8,1
223.4,0
3668.0,1
1169.0,0
2494.6,0
3160.0,0
4663.1,1
4898.6,1
3675.6,1
1572.0,0
1598.6,0
652.5,0
691.3,0
3883.7,1
2030.1,0
2007.1,0
4461.6,1
195.0,0
4252.3,1
1176.3,0
881.7,0
742.9,0
110.8,0
3210.4,0
4441.1,1
2579.7,0
3437.4,1
1184.4,0
4775.4,1
366.8,0
3202.1,0
1085.1,0
807.4,0
1323.0,0
4402.8,1
2656.0,0
2205.6,0
418.3,0
481.6,0
1178.9,0
4430.8,1
1556.1,0
4735.3,1
2151.3,0
838.4,0
1436.1,0
3840.3,1
2673.8,0
4463.6,1
2819.5,0
1672.9,0
467.8,0
848.1,0
2181.0,0
4872.6,1
381.2,0
1152.1,0
3409.5,0
3775.7,1
157.0,0
1786.5,0
256.0,0
2716.9,0
3295.4,0
2833.7,0
3668.6,1
1491.3,0
4333.2,1
4737.7,1
977.4,0
2719.6,0
3415.0,0
4699.9,1
3855.8,1
2043.9,0
3166.2,0
1333.8,0
1676.1,0
765.4,0
2561.7,0
1563.0,0
2023.9,0
4664.6,1
2849.9,0
1054.1,0
1819.3,0
10.0,0
3046.5,0
1573.5,0
150.1,0
3226.1,0
3872.0,1
901.1,0
2356.3,0
4257.0,1
2476.7,0
2456.6,0
1350.8,0
137.5,0
2575.9,0
1641.1,0
2796.4,0
1228.5,0
3975.0,1
4059.6,1
1169.7,0
4922.8,1
3160.2,0
1467.9,0
2048.4,0
2144.5,0
4749.4,1
447.4,0
96.5,0
789.9,0
61.8,0
3864.9,1
1794.9,0
1902.4,0
4058.6,1
4574.5,1
2464.0,0
2778.0,0
1928.4,0
329.3,0
1453.8,0
3568.1,1
4997.1,1
3624.7,1
2718.2,0
3910.0,1
4136.9,1
2782.3,0
3814.3,1
2748.1,0
613.3,0
3672.5,1
3336.9,0
2620.8,0
4815.6,1
3257.9,0
1661.5,0
1951.4,0
4340.1,1
3809.3,1
4812.6,1
325.9,0
1522.0,0
2745.3,0
3439.3,1
4664.1,1
2991.0,0
4007.7,1
3496.0,1
127.0,0
4265.2,1
579.8,0
47.9,0
3615.7,1
896.2,0
2982.9,0
850.0,0
2005.7,0
3054.8,0
2703.4,0
119.0,0
118.8,0
3985.8,1
4586.8,1
1047.7,0
4017.9,1
1329.9,0
2705.6,0
1562.9,0
2759.2,0
3470.8,1
2288.5,0
4562.4,1
181.6,0
4436.5,1
2388.2,0
4142.0,1
3739.9,1
1348.3,0
1315.2,0
2734.5,0
3248.1,0
3724.3,1
3180.8,0
4811.3,1
3087.0,0
3508.5,1
1242.3,0
3587.2,1
3279.8,0
1184.0,0
2946.9,0
3555.8,1
3452.7,1
1945.6,0
4729.8,1
3363.8,0
1039.1,0
2378.1,0
24.6,0
4540.5,1
1339.7,0
2295.5,0
4196.5,1
1584.1,0
2205.1,0
350.0,0
1881.2,0
3887.4,1
2009.7,0
3303.8,0
1360.0,0
4443.6,1
2854.6,0
3133.7,0
4237.4,1
290.7,0
3586.2,1
2766.3,0
1221.3,0
1031.5,0
3462.1,1
2857.4,0
3567.7,1
264.3,0
222.3,0
3751.8,1
4118.3,1
4938.3,1
4029.5,1
1659.8,0
1170.0,0
4443.4,1
4806.1,1
1614.5,0
3501.3,1
1005.9,0
754.6,0
4663.6,1
2627.0,0
2937.6,0
3022.4,0
1657.7,0
1420.2,0
3574.5,1
2878.0,0
3103.4,0
2237.0,0
4845.2,1
752.5,0
4705.2,1
1671.9,0
4026.5,1
2915.6,0
3307.2,0
4361.6,1
2854.1,0
4077.7,1
151.9,0
2700.8,0
190.8,0
1226.2,0
2391.7,0
2695.4,0
4524.2,1
4149.3,1
4109.0,1
2216.5,0
2411.0,0
4843.8,1
1818.4,0
4387.6,1
1630.7,0
4881.8,1
4780.2,1
735.5,0
728.2,0
3705.9,1
2444.7,0
2274.8,0
1845.1,0
1975.1,0
594.7,0
1315.6,0
4498.2,1
4180.2,1
829.2,0
794.3,0
3776.1,1
2124.9,0
2028.3,0
3785.7,1
1652.8,0
4130.5,1
2879.5,0
4768.4,1
899.4,0
2084.3,0
3651.0,1
40.8,0
1262.3,0
2419.8,0
1249.9,0
1892.4,0
3747.4,1
2309.0,0
2977.1,0
3879.0,1
3681.2,1
1544.4,0
3618.7,1
2311.9,0
988.7,0
1868.5,0
3912.7,1
1491.1,0
2529.9,0
3750.6,1
512.4,0
3215.9,0
2035.7,0
1097.6,0
848.1,0
770.0,0
2887.3,0
2710.0,0
1677.6,0
4784.4,1
337.6,0
1953.9,0
312.4,0
1476.5,0
2919.1,0
1931.0,0
1130.6,0
3856.9,1
455.4,0
3233.0,0
285.2,0
1479.9,0
547.2,0
404.0,0
458.9,0
3328.1,0
3837.5,1
1248.0,0
4230.5,1
2190.4,0
3995.3,1
4152.0,1
4169.5,1
1661.7,0
4445.9,1
252.7,0
1452.8,0
4705.5,1
3092.0,0
1513.2,0
1435.6,0
4987.3,1
1143.3,0
3355.5,0
255.7,0
1660.8,0
434.4,0
279.3,0
508.1,0
3585.6,1
2108.7,0
3494.1,1
4362.4,1
4635.5,1
1768.3,0
2935.5,0
1891.7,0
3535.2,1
1834.4,0
1043.0,0
847.5,0
3314.4,0
2699.8,0
725.5,0
2474.9,0
4362.2,1
2702.5,0
960.2,0
1789.2,0
4284.4,1
3650.8,1
4894.9,1
4468.6,1
1276.8,0
1824.4,0
1327.9,0
4467.4,1
4123.7,1
4318.6,1
618.0,0
1184.6,0
2458.4,0
1496.0,0
4195.4,1
4856.6,1
2055.3,0
1244.0,0
655.9,0
3693.6,1
2529.8,0
2880.1,0
1342.5,0
1650.5,0
1644.4,0
2185.5,0
2852.4,0
2738.8,0
2982.2,0
2650.2,0
603.2,0
344.2,0
2242.8,0
2164.4,0
1757.0,0
2659.0,0
2164.2,0
1148.7,0
953.2,0
2483.2,0
1601.8,0
253.9,0
3237.5,0
1452.1,0
1570.4,0
4225.1,1
3601.7,1
4278.2,1
1299.1,0
2456.6,0
3860.2,1
3036.2,0
273.3,0
3587.8,1
594.1,0
3514.0,1
398.2,0
2168.5,0
4839.1,1
1557.3,0
3902.2,1
1420.3,0
3156.7,0
1007.7,0
723.3,0
1636.1,0
1900.9,0
2208.2,0
951.2,0
4014.0,1
3183.3,0
4037.9,1
3638.8,1
1577.9,0
3948.2,1
1597.5,0
4949.5,1
3385.3,0
3436.1,1
2207.6,0
1138.0,0
2053.8,0
730.9,0
1788.7,0
3997.1,1
1137.6,0
597.3,0
1185.2,0
3852.3,1
1257.5,0
2385.4,0
2978.9,0
157.7,0
1281.7,0
4574.3,1
2890.5,0
3725.9,1
1913.0,0
4503.4,1
844.7,0
2265.4,0
618.7,0
834.2,0
1924.8,0
1794.9,0
1282.4,0
1625.9,0
2865.4,0
1984.2,0
901.9,0
1100.4,0
3415.0,0
1871.3,0
1611.6,0
2146.2,0
4497.5,1
2362.8,0
2150.4,0
865.9,0
222.8,0
3624.4,1
3065.3,0
2264.9,0
3279.6,0
2849.4,0
3669.4,1
4524.2,1
749.2,0
1406.7,0
596.8,0
793.6,0
382.8,0
3833.8,1
2672.4,0
147.2,0
3381.1,0
3679.3,1
4713.5,1
4543.9,1
3094.6,0
4496.2,1
3432.7,1
2009.2,0
4940.1,1
1832.7,0
4947.9,1
2744.7,0
540.6,0
2502.0,0
381.3,0
2766.3,0
1379.0,0
4614.8,1
1177.9,0
2067.6,0
839.3,0
4430.5,1
4431.2,1
3702.3,1
821.2,0
4072.7,1
1183.9,0
169.9,0
4963.4,1
4674.9,1
1817.6,0
1951.6,0
1706.0,0
2395.4,0
2153.2,0
2821.6,0
3522.6,1
865.3,0
137.4,0
3178.2,0
1951.0,0
3969.4,1
3463.4,1
689.8,0
328.8,0
1666.6,0
2263.8,0
2748.3,0
375.2,0
3364.4,0
3867.5,1
739.1,0
1308.0,0
694.8,0
4027.4,1
2822.5,0
1385.3,0
3694.3,1
2559.2,0
1836.8,0
4216.6,1
2657.5,0
2868.7,0
391.9,0
3819.5,1
273.6,0
2886.3,0
4599.7,1
247.7,0
3608.7,1
3369.6,0
16.9,0
2221.0,0
4840.7,1
3020.4,0
1021.9,0
113.0,0
2920.5,0
4562.6,1
1291.6,0
2836.2,0
3307.9,0
4032.0,1
1715.1,0
3142.9,0
4699.8,1
397.6,0
3751.0,1
4888.1,1
1577.1,0
3615.8,1
789.0,0
4070.2,1
1696.2,0
122.4,0
1360.2,0
4381.6,1
3185.7,0
3005.3,0
2026.8,0
1969.5,0
479.6,0
4192.1,1
3018.8,0
346.0,0
2200.2,0
2030.0,0
2430.9,0
4383.8,1
1994.9,0
110.5,0
1386.0,0
2026.0,0
4634.4,1
810.9,0
971.0,0
2413.5,0
369.8,0
2615.4,0
4998.6,1
27.4,0
923.2,0
4010.2,1
1306.6,0
3341.6,0
3112.6,0
2366.0,0
4488.5,1
4608.5,1
4274.1,1
4699.6,1
4312.3,1
4740.7,1
3528.0,1
1176.7,0
1871.1,0
627.4,0
3405.7,0
406.3,0
2564.5,0
3820.0,1
1523.8,0
1297.5,0
785.3,0
4883.4,1
3697.2,1
1976.4,0
408.7,0
3687.3,1
4485.0,1
4358.8,1
3912.4,1
3045.3,0
4835.6,1
850.0,0
944.0,0
3520.5,1
1208.4,0
3386.5,0
623.6,0
2529.2,0
2634.8,0
2220.7,0
4970.4,1
3322.4,0
1657.7,0
4132.4,1
2159.2,0
2242.2,0
2605.2,0
856.6,0
1729.4,0
481.2,0
1361.3,0
4033.2,1
3748.9,1
4897.7,1
3878.5,1
279.3,0
815.4,0
3734.6,1
871.4,0
3837.2,1
528.5,0
1112.9,0
4503.2,1
540.5,0
1928.7,0
3238.1,0
4271.4,1
2490.7,0
1216.9,0
2928.2,0
4307.5,1
381.5,0
351.9,0
4669.1,1
1134.2,0
1410.3,0
1475.4,0
4178.7,1
2219.5,0
2839.3,0
958.5,0
4365.9,1
2513.5,0
873.2,0
2443.9,0
802.4,0
1095.7,0
222.6,0
1135.6,0
1689.7,0
1876.0,0
3747.4,1
4542.3,1
2236.3,0
4578.1,1
3519.0,1
2475.2,0
2297.2,0
1143.7,0
3570.3,1
2350.5,0
2629.2,0
255.3,0
790.4,0
3572.0,1
3536.8,1
2673.9,0
547.3,0
500.4,0
4212.5,1
3222.9,0
4846.3,1
4995.0,1
4100.6,1
3541.1,1
4165.1,1
564.5,0
2771.9,0
1051.7,0
3791.1,1
2402.8,0
424.5,0
4293.3,1
366.1,0
743.2,0
513.5,0
2328.6,0
1821.9,0
3178.3,0
2829.9,0
3528.7,1
4157.3,1
442.5,0
1109.9,0
3453.4,1
3623.4,1
2674.4,0
1541.5,0
2525.5,0
2402.8,0
1952.7,0
1801.4,0
1032.4,0
3815.5,1
2610.3,0
418.3,0
987.6,0
74.9,0
2964.4,0
3797.6,1
2599.2,0
2339.8,0
4564.7,1
3174.9,0
3993.9,1
691.9,0
1371.1,0
1114.3,0
3792.6,1
3421.1,0
465.5,0
750.7,0
4772.5,1
710.0,0
4593.5,1
3005.9,0
2555.5,0
3188.7,0
2590.1,0
4088.3,1
2752.6,0
1609.8,0
4598.8,1
1562.0,0
4815.5,1
2160.3,0
3570.2,1
1588.2,0
2043.3,0
1964.7,0
560.1,0
543.9,0
2489.9,0
4842.9,1
891.3,0
1398.8,0
2462.6,0
2273.2,0
3253.3,0
948.0,0
839.3,0
809.9,0
248.8,0
765.6,0
3876.7,1
4209.8,1
4381.0,1
1981.0,0
3626.2,1
4226.3,1
1285.5,0
4085.0,1
4606.8,1
4399.8,1
918.1,0
3999.1,1
4939.5,1
4075.7,1
2904.1,0
3926.6,1
3441.8,1
355.6,0
2393.8,0
188.8,0
2129.9,0
3382.6,0
1151.7,0
4290.0,1
1935.5,0
1938.4,0
3523.2,1
4714.5,1
1799.8,0
3776.2,1
1063.1,0
2525.2,0
1362.3,0
3958.3,1
4538.9,1
2276.0,0
4066.2,1
4535.6,1
2841.3,0
2125.5,0
1765.7,0
2850.6,0
1893.4,0
174.7,0
4935.8,1
76.4,0
2770.5,0
4545.5,1
2531.1,0
3182.3,0
3168.3,0
2854.6,0
4558.6,1
1184.8,0
1307.6,0
4686.4,1
4241.4,1
2044.5,0
3302.4,0
468.5,0
3641.5,1
1317.9,0
2149.9,0
3647.2,1
4321.3,1
3769.6,1
109.9,0
4429.4,1
236.5,0
1484.7,0
1218.1,0
3011.4,0
161.7,0
146.1,0
232.4,0
224.9,0
4668.8,1
4263.4,1
3962.0,1
891.4,0
2872.9,0
982.6,0
2985.7,0
3250.8,0
3866.6,1
3891.1,1
4996.8,1
3555.0,1
3050.6,0
2287.8,0
4548.2,1
4596.8,1
2684.7,0
3428.0,1
436.0,0
4582.1,1
284.5,0
3703.7,1
2935.1,0
2840.2,0
1414.5,0
1242.8,0
2421.0,0
1425.4,0
3413.8,0
4324.3,1
1997.7,0
1354.4,0
4986.6,1
3409.0,0
3809.9,1
1009.9,0
889.6,0
3311.9,0
426.4,0
2791.3,0
1584.9,0
4758.6,1
3010.7,0
1563.4,0
4861.2,1
4121.6,1
1147.2,0
4008.4,1
4456.2,1
2647.4,0
3416.2,0
2305.9,0
2249.6,0
1492.1,0
4351.2,1
1798.2,0
3698.4,1
4839.9,1
4201.4,1
3932.0,1
2175.4,0
4480.6,1
2961.3,0
2729.4,0
3530.0,1
4620.6,1
3159.3,0
4503.9,1
3424.5,1
901.4,0
942.1,0
3331.7,0
2871.8,0
4285.4,1
4435.4,1
509.7,0
2851.8,0
1287.4,0
2098.3,0
3906.2,1
2781.9,0
3613.2,1
2881.7,0
3412.4,0
1231.2,0
420.5,0
338.9,0
3721.1,1
4814.3,1
186.3,0
3188.1,0
4998.4,1
4302.2,1
4964.9,1
3620.9,1
4431.4,1
2859.0,0
1464.6,0
2205.8,0
2553.4,0
2211.1,0
2429.0,0
3529.4,1
314.6,0
3263.0,0
3954.4,1
4243.4,1
3598.1,1
2159.5,0
437.9,0
4866.5,1
2686.2,0
1872.6,0
287.9,0
1917.0,0
406.4,0
4669.1,1
4589.9,1
4994.5,1
1782.8,0
258.4,0
2701.1,0
77.2,0
4725.9,1
2945.1,0
872.5,0
17.0,0
3819.4,1
4942.3,1
3409.6,0
4006.3,1
2287.6,0
1085.2,0
2735.3,0
1400.1,0
1717.2,0
3847.5,1
320.6,0
4877.2,1
4916.4,1
990.1,0
309.4,0
3168.0,0
1355.2,0
2919.8,0
3311.5,0
3321.8,0
3277.6,0
3362.0,0
1990.9,0
1117.8,0
3905.1,1
1891.7,0
4459.7,1
2057.7,0
4465.1,1
4697.2,1
2583.8,0
1676.9,0
820.9,0
3882.4,1
2682.1,0
4896.9,1
2167.5,0
3285.0,0
1379.7,0
2548.7,0
83.7,0
2381.2,0
3171.1,0
4693.9,1
952.4,0
3047.7,0
904.1,0
1403.9,0
3782.9,1
3336.6,0
1155.0,0
1893.2,0
4525.9,1
3744.1,1
1643.3,0
2824.0,0
2580.1,0
2591.6,0
3952.4,1
4633.6,1
2868.1,0
575.6,0
1795.9,0
593.0,0
2179.2,0
3205.9,0
3364.1,0
4953.7,1
4774.8,1
2666.0,0
1124.2,0
3909.7,1
639.1,0
125.6,0
1578.9,0
3506.3,1
1660.8,0
3944.9,1
1030.8,0
2363.4,0
1036.7,0
3943.5,1
3442.1,1
1844.6,0
646.4,0
2834.6,0
4614.4,1
2374.8,0
2930.1,0
792.8,0
3867.0,1
1332.4,0
3564.8,1
3777.2,1
3308.2,0
795.3,0
3131.8,0
3460.7,1
144.1,0
1047.1,0
4829.1,1
3886.7,1
3799.8,1
3555.1,1
187.1,0
2609.5,0
3517.2,1
564.0,0
4235.6,1
3516.3,1
968.5,0
1848.9,0
885.6,0
641.5,0
570.1,0
1631.9,0
4303.3,1
4219.9,1
1141.2,0
3240.9,0
2604.7,0
2389.0,0
848.1,0
552.2,0
1914.2,0
2278.5,0
3384.0,0
1535.8,0
3332.8,0
3654.5,1
2554.4,0
4948.7,1
1128.7,0
3001.3,0
1173.6,0
3253.2,0
4524.7,1
2683.5,0
3711.0,1
792.7,0
2063.9,0
1505.4,0
580.8,0
2511.1,0
629.0,0
4588.4,1
198.6,0
2271.6,0
4584.3,1
1981.5,0
3466.2,1
2588.5,0
1409.9,0
2124.5,0
1067.8,0
2548.9,0
4461.8,1
1067.3,0
2824.2,0
4695.6,1
1976.2,0
4111.7,1
2735.3,0
4882.1,1
4309.6,1
694.2,0
1623.6,0
2257.4,0
1491.6,0
4014.6,1
4062.6,1
3479.2,1
252.0,0
309.9,0
4980.9,1
1649.9,0
1393.2,0
1779.6,0
423.3,0
4981.2,1
1751.2,0
4494.3,1
4751.4,1
472.5,0
2467.4,0
2285.6,0
3247.0,0
400.5,0
4068.2,1
1443.5,0
2796.2,0
4461.7,1
162.3,0
1860.9,0
2977.3,0
459.7,0
24.6,0
3083.0,0
2018.5,0
2054.6,0
4589.0,1
2322.9,0
3794.5,1
844.3,0
4747.7,1
1866.9,0
1526.1,0
2529.4,0
4913.3,1
407.0,0
4342.5,1
1874.1,0
955.6,0
627.8,0
1122.5,0
1158.2,0
2947.7,0
1633.3,0
3754.8,1
4717.6,1
1500.8,0
1472.3,0
323.3,0
680.2,0
2185.2,0
835.0,0
4418.5,1
773.5,0
4597.7,1
3808.1,1
1586.3,0
2324.6,0
3544.2,1
3156.8,0
2074.1,0
3335.5,0
1530.7,0
1482.4,0
3269.7,0
4602.1,1
2295.3,0
1970.5,0
2843.4,0
917.3,0
1553.8,0
799.0,0
3241.8,0
2866.2,0
235.8,0
4583.0,1
2348.6,0
3097.6,0
955.2,0
458.5,0
3316.9,0
1066.0,0
3821.7,1
3408.9,0
3623.0,1
3443.0,1
3609.3,1
441.7,0
1768.8,0
3762.8,1
4394.7,1
2410.1,0
723.1,0
4251.1,1
477.1,0
308.7,0
4097.5,1
414.9,0
1251.3,0
1695.2,0
1466.4,0
3124.0,0
2785.0,0
2800.6,0
1780.9,0
1687.6,0
1912.0,0
1399.2,0
1747.4,0
2132.6,0
2854.8,0
2934.9,0
2125.3,0
880.6,0
3847.2,1
4423.9,1
4779.1,1
456.0,0
3910.5,1
2818.8,0
1592.4,0
2405.3,0
3969.2,1
1119.0,0
3653.0,1
1457.4,0
4135.3,1
1719.0,0
3688.1,1
325.8,0
2228.9,0
2766.1,0
4212.3,1
2304.0,0
4780.2,1
1527.7,0
4905.2,1
3531.3,1
1497.3,0
4432.6,1
2063.0,0
1491.3,0
3561.1,1
199.7,0
3376.2,0
884.3,0
1967.5,0
3531.4,1
4910.8,1
3828.8,1
3703.1,1
3961.1,1
4054.8,1
653.8,0
1172.8,0
1819.6,0
185.7,0
3853.9,1
3088.7,0
4328.6,1
4925.4,1
2086.6,0
4880.4,1
1112.9,0
3402.1,0
1385.4,0
2677.6,0
3557.4,1
297.2,0
4431.6,1
1082.0,0
426.9,0
2090.1,0
1942.5,0
1124.6,0
3238.7,0
4342.4,1
4606.2,1
4922.3,1
2434.6,0
1527.3,0
4236.0,1
4922.1,1
730.8,0
2685.4,0
4042.5,1
1301.8,0
1386.6,0
2144.4,0
4933.5,1
2262.7,0
817.2,0
2758.9,0
3893.2,1
655.9,0
2086.6,0
591.1,0
616.3,0
2162.7,0
2958.2,0
2089.4,0
4071.0,1
1066.8,0
2128.5,0
2373.7,0
4388.3,1
1320.6,0
2974.6,0
902.1,0
2598.2,0
2807.0,0
4978.0,1
2804.5,0
2461.7,0
543.1,0
209.7,0
1601.2,0
4329.3,1
1517.6,0
792.0,0
2301.7,0
1568.3,0
1620.8,0
4195.0,1
1576.3,0
1768.4,0
3268.6,0
512.4,0
3523.5,1
2710.6,0
2353.6,0
3839.9,1
2776.1,0
1204.7,0
1030.6,0
823.8,0
3159.0,0
797.6,0
4378.9,1
1268.1,0
4964.2,1
4959.3,1
4402.8,1
2045.8,0
4565.2,1
3349.4,0
2185.6,0
4433.8,1
1228.4,0
4685.5,1
660.5,0
67.7,0
1572.7,0
3407.6,0
3935.9,1
4854.2,1
2990.9,0
1935.7,0
4058.6,1
1870.2,0
408.6,0
2156.0,0
3017.2,0
821.9,0
3951.3,1
4650.6,1
3309.1,0
1092.5,0
374.5,0
3755.0,1
3856.4,1
4172.4,1
2383.7,0
3849.8,1
1221.2,0
2251.2,0
2074.7,0
108.9,0
2100.4,0
3301.4,0
301.7,0
3442.4,1
222.6,0
437.3,0
856.4,0
4342.5,1
3753.3,1
1108.0,0
1987.9,0
1050.2,0
1808.6,0
2079.2,0
1288.5,0
1529.5,0
4256.6,1
2268.3,0
4319.9,1
365.9,0
4252.1,1
3469.3,1
1039.4,0
1034.8,0
1078.1,0
889.3,0
1152.7,0
3750.7,1
4687.0,1
8.3,0
4604.0,1
4219.4,1
4856.6,1
2035.1,0
1860.1,0
3300.6,0
1093.1,0
757.5,0
3118.0,0
4104.9,1
3989.8,1
674.0,0
781.1,0
316.3,0
2637.1,0
1643.8,0
3108.2,0
2964.1,0
834.9,0
1693.2,0
3041.5,0
4924.6,1
4726.5,1
1628.3,0
257.1,0
4493.4,1
2591.3,0
16.6,0
1744.3,0
983.8,0
4027.7,1
1586.5,0
2364.6,0
1702.3,0
2000.7,0
2704.5,0
1130.5,0
1214.8,0
3263.5,0
2516.2,0
1130.1,0
4325.5,1
3210.7,0
1753.7,0
611.4,0
251.7,0
2396.6,0
2247.8,0
2479.7,0
1297.4,0
1383.3,0
2870.4,0
2986.7,0
446.1,0
2210.4,0
4456.7,1
366.8,0
2122.2,0
3157.8,0
3362.3,0
3650.0,1
3491.0,1
121.0,0
3698.1,1
2197.7,0
1601.7,0
2547.8,0
1384.1,0
4427.2,1
3105.3,0
4242.0,1
1378.8,0
1971.5,0
1325.4,0
3334.0,0
2999.3,0
801.2,0
4420.5,1
4628.3,1
627.8,0
1138.0,0
93.1,0
1923.1,0
4785.1,1
4963.5,1
3839.2,1
1852.5,0
4580.0,1
1548.2,0
1949.3,0
4311.6,1
4597.8,1
2478.0,0
2600.9,0
4549.0,1
3369.7,0
4205.3,1
2292.8,0
4630.2,1
4249.6,1
2574.9,0
243.7,0
2611.1,0
1033.9,0
2238.6,0
1816.6,0
2872.3,0
4158.3,1
4084.0,1
4867.1,1
3944.4,1
2863.7,0
1356.1,0
4770.1,1
2944.0,0
570.2,0
4077.3,1
1057.9,0
2970.4,0
1682.8,0
1129.7,0
3809.6,1
1034.0,0
3027.8,0
3296.0,0
605.9,0
1175.1,0
4721.8,1
1216.9,0
1375.1,0
982.7,0
636.7,0
3203.8,0
3759.6,1
4862.1,1
1933.1,0
1460.2,0
3660.0,1
4826.7,1
4102.7,1
3196.8,0
3679.4,1
3327.9,0
2132.8,0
1871.0,0
4468.5,1
3345.1,0
2024.2,0
4594.9,1
707.5,0
1388.2,0
3625.5,1
4712.5,1
697.1,0
2191.2,0
2008.9,0
4949.8,1
1047.1,0
2609.9,0
1897.3,0
609.4,0
1533.2,0
1160.2,0
2796.5,0
1531.1,0
1039.0,0
3175.4,0
745.2,0
2559.6,0
1329.0,0
2764.9,0
3142.7,0
3900.1,1
1847.3,0
1115.9,0
4435.5,1
3312.1,0
1048.1,0
3487.1,1
1171.3,0
3858.7,1
846.8,0
2361.3,0
3482.5,1
2429.6,0
1161.0,0
1691.7,0
441.1,0
841.8,0
4137.9,1
1116.5,0
3732.9,1
1640.8,0
4056.9,1
4738.4,1
2093.8,0
2310.8,0
1285.6,0
2989.4,0
2663.0,0
1254.0,0
4309.5,1
4018.2,1
2445.3,0
4901.6,1
3465.9,1
3771.9,1
765.8,0
3054.9,0
4455.4,1
105.9,0
403.7,0
3478.8,1
4728.2,1
3678.6,1
2444.1,0
1606.9,0
1410.7,0
878.3,0
4644.8,1
3275.0,0
3017.5,0
4714.3,1
4065.2,1
294.6,0
3470.9,1
1301.7,0
1201.2,0
1561.5,0
4243.3,1
540.1,0
844.2,0
2573.8,0
617.4,0
4697.9,1
1309.0,0
4176.5,1
4204.2,1
121.7,0
3493.4,1
1110.6,0
1962.0,0
3440.4,1
2.4,0
2048.4,0
3577.2,1
2984.6,0
1682.0,0
273.8,0
1826.7,0
679.2,0
509.4,0
2114.7,0
4415.5,1
1423.2,0
3269.0,0
1002.5,0
4480.4,1
4048.4,1
1601.0,0
3736.1,1
134.7,0
948.7,0
4615.5,1
2369.6,0
4509.7,1
2484.6,0
4125.3,1
1157.1,0
116.0,0
3177.4,0
4322.3,1
3661.0,1
212.6,0
2666.9,0
156.0,0
2495.5,0
1173.7,0
2565.5,0
817.2,0
40.2,0
2673.8,0
1250.6,0
3312.0,0
4125.9,1
2931.0,0
4783.3,1
4430.9,1
49.6,0
4771.0,1
1656.9,0
877.2,0
3930.1,1
3273.9,0
2544.9,0
3890.9,1
3874.9,1
969.1,0
3949.8,1
3791.2,1
2350.9,0
3281.9,0
3066.3,0
3510.0,1
4453.3,1
4926.1,1
1860.6,0
3694.1,1
3183.1,0
4949.6,1
2163.1,0
2454.6,0
4308.9,1
3559.9,1
970.1,0
4072.5,1
3422.6,1
1841.6,0
4449.6,1
2903.3,0
2956.3,0
4011.5,1
3752.6,1
3243.8,0
2275.5,0
3045.1,0
3491.1,1
2123.5,0
4748.9,1
1426.8,0
4001.2,1
1930.9,0
1257.4,0
3116.4,0
1667.9,0
321.1,0
3094.7,0
310.0,0
3568.7,1
3221.8,0
2286.1,0
3855.6,1
2916.8,0
3507.0,1
4477.1,1
2076.0,0
4402.4,1
4662.6,1
2123.8,0
2758.6,0
1371.0,0
3159.1,0
3761.6,1
3366.2,0
1998.8,0
4440.9,1
853.3,0
4595.2,1
3001.3,0
4271.9,1
1314.4,0
3789.6,1
4370.3,1
1142.6,0
2458.1,0
4167.6,1
274.4,0
1600.4,0
4626.2,1
3865.8,1
4601.5,1
4593.1,1
881.7,0
2184.2,0
3454.3,1
3041.8,0
459.6,0
664.0,0
724.8,0
4617.7,1
2578.6,0
3007.9,0
3099.9,0
1378.8,0
2520.0,0
3974.5,1
2518.4,0
4051.1,1
1978.9,0
1364.1,0
2760.9,0
1849.7,0
228.0,0
1869.2,0
69.1,0
3207.8,0
1637.1,0
4153.6,1
3929.4,1
3660.9,1
2863.6,0
3910.2,1
3697.3,1
4065.8,1
3032.1,0
3953.2,1
4970.9,1
2484.2,0
4877.5,1
2993.8,0
1086.8,0
4750.8,1
1360.2,0
212.6,0
550.1,0
61.4,0
2364.0,0
4671.4,1
1590.4,0
1074.9,0
287.3,0
1401.7,0
2455.9,0
623.6,0
1980.1,0
4363.9,1
3603.3,1
985.1,0
179.9,0
2045.7,0
179.3,0
3178.1,0
3190.4,0
1563.9,0
2427.0,0
4840.4,1
2225.0,0
1326.5,0
867.2,0
49.4,0
298.2,0
3216.2,0
3389.1,0
2206.5,0
3182.2,0
4125.6,1
555.5,0
3848.5,1
1608.7,0
3602.4,1
2881.8,0
3963.4,1
1237.1,0
510.0,0
635.3,0
1056.6,0
70.8,0
4375.8,1
4414.8,1
244.7,0
335.9,0
3847.6,1
2666.6,0
4660.3,1
2119.1,0
3589.9,1
1760.8,0
3024.5,0
883.5,0
2922.2,0
4639.9,1
4443.3,1
3983.3,1
1078.8,0
4673.9,1
3170.1,0
361.5,0
870.0,0
928.5,0
2871.2,0
3298.5,0
1747.2,0
3474.7,1
4293.0,1
1581.7,0
262.7,0
4575.8,1
948.3,0
2183.0,0
2601.0,0
4968.9,1
1644.0,0
3647.6,1
2365.9,0
2101.0,0
3949.9,1
4319.3,1
3606.8,1
4293.6,1
3332.4,0
2161.4,0
2752.3,0
4050.5,1
1011.9,0
715.1,0
144.7,0
2054.0,0
1316.8,0
3291.9,0
2655.8,0
1523.7,0
1984.3,0
25.8,0
3227.3,0
2302.1,0
1846.5,0
277.3,0
2658.7,0
4304.0,1
2034.5,0
4239.8,1
676.9,0
4833.0,1
370.2,0
844.9,0
4737.5,1
4756.5,1
1471.6,0
1132.8,0
2654.2,0
1054.3,0
3145.0,0
3559.7,1
2663.9,0
2769.8,0
1931.6,0
4971.9,1
3692.3,1
1238.3,0
4865.7,1
3438.3,1
2737.8,0
1164.1,0
2993.2,0
1395.5,0
3249.9,0
2438.8,0
3249.2,0
2086.4,0
569.5,0
2886.5,0
4304.5,1
4264.5,1
4040.3,1
4192.8,1
544.7,0
71.0,0
3268.9,0
2288.0,0
1909.1,0
1788.6,0
3386.8,0
4426.3,1
874.9,0
2439.1,0
4397.5,1
252.5,0
633.5,0
2702.8,0
759.2,0
3597.3,1
1015.2,0
3757.7,1
4042.5,1
1272.3,0
2774.9,0
1644.3,0
3640.9,1
4459.2,1
3498.4,1
3451.0,1
541.9,0
3045.0,0
1564.7,0
4268.5,1
2543.9,0
4727.4,1
251.9,0
501.9,0
364.5,0
3240.7,0
3832.6,1
2057.0,0
3956.3,1
4097.1,1
88.6,0
4868.9,1
4974.7,1
4656.7,1
861.6,0
1946.5,0
4738.6,1
319.0,0
2821.5,0
1057.3,0
4464.5,1
2787.8,0
2794.4,0
2730.1,0
98.8,0
217.1,0
3929.8,1
2874.1,0
1303.7,0
2770.9,0
4017.3,1
4894.3,1
4095.6,1
2032.0,0
127.7,0
814.3,0
4310.0,1
4626.8,1
1895.0,0
4970.0,1
2613.5,0
1788.8,0
1189.6,0
4656.8,1
2271.6,0
57.9,0
1109.8,0
601.2,0
1097.1,0
896.8,0
3575.8,1
3461.0,1
2644.4,0
1696.3,0
766.9,0
128.3,0
2242.3,0
1209.8,0
4001.5,1
737.7,0
481.0,0
512.1,0
4167.9,1
2513.7,0
2680.5,0
2281.8,0
1402.0,0
1119.8,0
4992.3,1
2580.6,0
3854.9,1
4919.2,1
2359.9,0
3724.0,1
3651.3,1
2118.2,0
2236.7,0
2351.7,0
1736.3,0
2497.1,0
334.6,0
3862.4,1
843.5,0
1590.3,0
2054.5,0
771.8,0
3276.1,0
4201.0,1
1825.4,0
2815.2,0
2206.0,0
1823.1,0
4525.7,1
3779.5,1
3447.7,1
3030.9,0
4142.5,1
1314.2,0
1658.3,0
303.4,0
3811.7,1
4808.3,1
2226.6,0
4394.3,1
67.6,0
4225.1,1
2924.0,0
3462.6,1
191.4,0
3727.0,1
577.2,0
4113.6,1
4447.0,1
2798.7,0
1502.1,0
3109.6,0
2721.6,0
3842.5,1
3458.8,1
1150.8,0
2074.6,0
2509.0,0
3346.9,0
1568.4,0
3097.8,0
2812.0,0
1973.9,0
1957.5,0
2454.3,0
3188.3,0
3361.3,0
4204.2,1
3867.7,1
1913.9,0
412.3,0
2980.5,0
1465.6,0
757.4,0
2437.7,0
988.7,0
2416.2,0
4358.9,1
524.3,0
1844.1,0
3127.1,0
3736.7,1
4871.3,1
1718.8,0
2476.5,0
4497.1,1
743.9,0
2283.9,0
4450.1,1
3367.9,0
2153.4,0
4714.9,1
3866.6,1
4806.3,1
4215.9,1
3717.1,1
3158.9,0
4159.4,1
3355.0,0
696.4,0
558.5,0
1528.1,0
3910.0,1
4547.6,1
3430.9,1
1788.1,0
966.3,0
2900.8,0
3279.6,0
3536.8,1
1112.4,0
1270.6,0
3364.8,0
4960.6,1
3208.2,0
3697.9,1
3930.3,1
4966.7,1
4909.0,1
868.4,0
3015.2,0
3341.2,0
4469.0,1
468.9,0
2293.1,0
2430.8,0
1445.4,0
8.1,0
2744.5,0
4560.2,1
2417.9,0
4859.0,1
483.1,0
3366.6,0
2684.8,0
2314.2,0
3955.7,1
987.6,0
573.6,0
1580.1,0
961.9,0
4825.4,1
2119.2,0
146.6,0
2548.5,0
3228.8,0
1696.7,0
4093.5,1
917.3,0
3615.2,1
2432.1,0
2582.4,0
3946.3,1
2343.9,0
2633.8,0
2840.2,0
4723.8,1
1408.1,0
2093.9,0
850.7,0
2201.1,0
3670.5,1
1114.9,0
1035.1,0
1206.8,0
3107.3,0
1781.5,0
1648.4,0
4027.1,1
1270.2,0
505.9,0
197.7,0
4121.5,1
2157.0,0
3554.0,1
2108.8,0
726.7,0
3745.7,1
3783.7,1
4700.8,1
4066.4,1
2152.1,0
1716.4,0
420.0,0
2554.2,0
4443.7,1
4654.9,1
1063.6,0
4856.9,1
375.5,0
4631.3,1
1165.2,0
633.7,0
685.6,0
4619.8,1
1376.5,0
4547.2,1
4068.6,1
3767.7,1
736.0,0
1465.9,0
4523.6,1
3206.4,0
4013.0,1
2937.8,0
4960.3,1
3308.4,0
80.9,0
332.3,0
2649.9,0
1729.5,0
1974.9,0
2656.7,0
4960.2,1
563.9,0
3694.4,1
4925.7,1
4554.9,1
3102.7,0
4499.5,1
4024.7,1
3873.8,1
1970.5,0
3601.8,1
530.9,0
3215.5,0
1146.8,0
720.0,0
1497.5,0
1480.6,0
923.5,0
2053.7,0
374.5,0
2418.1,0
4753.1,1
1594.4,0
158.4,0
3940.7,1
4271.0,1
4663.2,1
1396.6,0
3398.7,0
3733.9,1
3046.7,0
2745.0,0
2555.3,0
852.2,0
2837.1,0
2472.5,0
4083.8,1
1190.9,0
1063.8,0
762.8,0
337.0,0
3404.6,0
1162.8,0
1134.4,0
4265.6,1
465.7,0
2749.3,0
4186.1,1
1566.4,0
2173.8,0
3340.1,0
3553.2,1
875.2,0
4246.5,1
2603.2,0
46.6,0
2156.3,0
1387.7,0
2598.0,0
2077.0,0
2806.0,0
2752.7,0
3784.1,1
1969.3,0
2640.0,0
700.5,0
618.9,0
159.1,0
2029.0,0
4025.5,1
4930.2,1
4669.6,1
92.0,0
1696.9,0
3999.3,1
618.0,0
2680.8,0
3551.0,1
239.3,0
1456.5,0
1960.8,0
3085.0,0
2608.3,0
760.8,0
2952.4,0
4789.4,1
4723.4,1
1975.0,0
997.1,0
825.0,0
2933.3,0
3167.8,0
830.5,0
2878.0,0
2432.0,0
3012.5,0
1879.0,0
2215.9,0
3273.1,0
771.1,0
2702.1,0
2913.9,0
3492.7,1
1116.3,0
2605.8,0
412.2,0
1130.0,0
1570.3,0
4955.0,1
1964.5,0
687.5,0
1194.4,0
445.2,0
2682.5,0
2634.1,0
1433.3,0
2735.6,0
3945.9,1
463.9,0
511.1,0
4698.5,1
1542.3,0
682.3,0
2289.7,0
3913.7,1
1276.5,0
1778.3,0
130.5,0
1399.3,0
2077.7,0
3794.9,1
4059.3,1
631.9,0
1760.3,0
4017.6,1
1679.0,0
2024.6,0
684.8,0
596.5,0
4331.4,1
2500.4,0
4498.1,1
3362.6,0
3053.9,0
1872.6,0
1490.2,0
315.9,0
4382.8,1
3976.0,1
1389.5,0
455.7,0
809.3,0
1776.2,0
4931.3,1
2816.9,0
3558.3,1
1050.3,0
3516.7,1
91.6,0
4814.0,1
2898.5,0
453.9,0
4094.4,1
1512.0,0
2120.2,0
234.5,0
3195.0,0
1132.6,0
713.8,0
1795.1,0
4004.1,1
4868.3,1
2451.7,0
2816.4,0
2516.2,0
3500.3,1
4182.4,1
3860.9,1
3021.3,0
3489.7,1
3655.0,1
4532.7,1
781.7,0
1275.9,0
4004.6,1
131.3,0
192.0,0
4578.3,1
4994.3,1
1263.0,0
2247.1,0
1718.6,0
4165.4,1
658.3,0
4191.1,1
2701.2,0
778.5,0
1807.6,0
2695.3,0
3953.2,1
139.7,0
498.2,0
1112.3,0
2396.8,0
981.1,0
2067.7,0
220.1,0
319.1,0
2754.9,0
1882.1,0
4186.1,1
4972.4,1
2246.9,0
1986.9,0
2669.1,0
4032.0,1
3721.5,1
243.9,0
4755.1,1
4026.2,1
4706.3,1
2469.9,0
4389.8,1
1042.7,0
4669.5,1
3060.9,0
4857.7,1
2878.8,0
1679.8,0
1936.2,0
3698.0,1
1310.7,0
3508.0,1
4816.2,1
4360.7,1
3132.6,0
3110.4,0
297.9,0
3159.4,0
3502.6,1
2382.0,0
1926.6,0
859.5,0
2421.8,0
3708.8,1
3167.9,0
1132.5,0
3734.5,1
657.3,0
1232.9,0
4526.6,1
1862.3,0
4319.5,1
3262.9,0
3372.3,0
4197.6,1
1049.4,0
1723.4,0
1278.0,0
579.5,0
4414.9,1
4482.0,1
3808.9,1
3199.6,0
2161.5,0
931.7,0
4487.3,1
4001.8,1
4790.3,1
4818.0,1
443.1,0
3657.6,1
1360.3,0
4991.2,1
4875.3,1
4128.5,1
4159.9,1
600.8,0
1355.2,0
4.3,0
4323.4,1
3245.2,0
3379.9,0
999.6,0
750.4,0
1879.3,0
3424.1,1
3181.9,0
2881.8,0
3051.0,0
3248.9,0
1770.8,0
4287.1,1
1069.5,0
4709.3,1
54.1,0
3631.4,1
2266.3,0
2574.8,0
585.1,0
1140.4,0
969.3,0
460.7,0
3605.0,1
2765.2,0
1913.2,0
2650.3,0
1733.5,0
1022.8,0
3909.1,1
3660.3,1
3102.4,0
1954.9,0
2924.0,0
1603.1,0
4552.6,1
4357.5,1
1964.1,0
1338.3,0
4264.4,1
1857.1,0
4858.6,1
2679.2,0
3245.3,0
3227.9,0
4657.2,1
265.6,0
4850.7,1
91.0,0
3774.2,1
1196.0,0
2831.7,0
4411.8,1
3097.5,0
2611.1,0
2297.6,0
2661.4,0
2542.7,0
3579.3,1
3017.9,0
1965.1,0
2113.4,0
2656.4,0
2762.4,0
2991.0,0
571.1,0
3743.8,1
280.5,0
3528.9,1
3368.3,0
2633.7,0
3489.6,1
2083.4,0
4059.5,1
1709.5,0
430.0,0
146.3,0
4849.1,1
2306.1,0
3671.0,1
838.7,0
365.2,0
1252.8,0
4480.5,1
4106.3,1
1638.7,0
2351.0,0
4245.0,1
4450.9,1
2291.9,0
4255.0,1
2078.6,0
1412.3,0
4490.8,1
4315.6,1
1769.8,0
3266.9,0
325.3,0
4135.4,1
4190.8,1
3122.0,0
1978.2,0
1689.8,0
840.4,0
4546.2,1
4232.4,1
2180.8,0
807.8,0
3585.1,1
838.3,0
3116.8,0
2173.7,0
2807.1,0
3293.9,0
3082.2,0
675.9,0
1865.1,0
4736.6,1
2129.8,0
3069.1,0
4090.6,1
3786.0,1
2746.3,0
800.9,0
1270.4,0
4923.1,1
972.9,0
4716.0,1
4140.7,1
1436.6,0
1785.9,0
2813.7,0
1148.6,0
272.1,0
2603.1,0
3622.0,1
566.0,0
1461.0,0
2510.0,0
1811.7,0
1670.1,0
4480.9,1
2837.4,0
2536.9,0
3078.7,0
4173.6,1
2105.4,0
3453.0,1
492.9,0
3586.5,1
653.8,0
4497.4,1
60.5,0
58.0,0
3817.4,1
1848.3,0
4669.9,1
3896.3,1
453.4,0
2029.5,0
573.3,0
3323.9,0
2862.0,0
3581.3,1
304.4,0
4024.5,1
1718.4,0
632.8,0
1694.2,0
506.1,0
2244.8,0
4855.9,1
4207.6,1
4241.5,1
3710.4,1
4617.3,1
396.3,0
573.7,0
2418.6,0
1988.6,0
366.1,0
3221.6,0
846.4,0
441.8,0
4763.9,1
1633.3,0
4985.1,1
4407.9,1
3522.3,1
2247.4,0
3455.4,1
2840.7,0
1685.1,0
1101.9,0
3478.4,1
3355.1,0
3450.7,1
4085.4,1
1907.8,0
800.2,0
3184.4,0
1047.1,0
4842.0,1
432.6,0
755.8,0
4949.2,1
1902.6,0
81.0,0
476.6,0
3114.2,0
894.9,0
2402.1,0
3955.1,1
4882.4,1
2615.2,0
991.0,0
2958.1,0
3471.6,1
3579.1,1
3941.5,1
4732.4,1
903.8,0
1466.1,0
2640.1,0
3680.2,1
1346.4,0
3825.7,1
105.4,0
2518.7,0
1152.1,0
2590.4,0
2554.0,0
4438.4,1
4344.7,1
4723.1,1
2118.0,0
1303.5,0
2885.5,0
3089.9,0
2772.2,0
3541.6,1
2037.2,0
4123.1,1
2618.4,0
1635.1,0
4975.4,1
4759.0,1
93.0,0
2609.8,0
25.0,0
697.0,0
1654.3,0
566.1,0
1605.8,0
703.6,0
56.9,0
4509.0,1
4961.2,1
2077.1,0
2273.9,0
3671.2,1
4143.4,1
4067.5,1
4435.8,1
1277.2,0
2068.6,0
344.5,0
605.8,0
892.1,0
1708.9,0
1496.9,0
2151.1,0
3423.0,1
3497.2,1
36.8,0
4379.2,1
2993.7,0
306.8,0
2012.9,0
21.6,0
4304.7,1
3739.9,1
1610.1,0
2157.7,0
4513.2,1
4778.8,1
2558.9,0
3148.4,0
3512.7,1
3066.4,0
3739.2,1
524.5,0
1368.6,0
3140.5,0
660.5,0
1840.1,0
3036.9,0
385.4,0
3366.5,0
3822.6,1
4444.0,1
848.7,0
4711.9,1
3966.3,1
4992.6,1
4032.8,1
588.5,0
695.7,0
2648.4,0
520.9,0
2628.1,0
1604.4,0
1997.4,0
2571.6,0
2305.5,0
53.7,0
199.1,0
2383.8,0
883.0,0
164.4,0
26.5,0
3962.6,1
3980.0,1
1414.0,0
4871.5,1
4558.9,1
4926.2,1
1887.6,0
1589.7,0
2284.0,0
4742.7,1
304.6,0
183.8,0
2316.6,0
2266.2,0
4164.7,1
1402.1,0
3090.6,0
4057.8,1
3314.8,0
2004.2,0
2760.7,0
3173.7,0
1436.3,0
2062.5,0
507.0,0
493.0,0
3263.1,0
2225.8,0
446.1,0
3454.0,1
3710.1,1
1732.6,0
4546.3,1
1870.7,0
4002.0,1
3053.1,0
2256.8,0
2195.9,0
1513.8,0
1597.0,0
4373.7,1
2961.4,0
3303.5,0
2472.3,0
2970.4,0
1019.7,0
26.9,0
2923.6,0
2788.3,0
3585.0,1
2947.5,0
4796.0,1
4799.7,1
1796.2,0
4347.2,1
4053.2,1
3738.8,1
4256.3,1
2873.4,0
4730.2,1
3479.2,1
1084.6,0
2403.8,0
3524.1,1
3041.0,0
4346.1,1
3016.8,0
1628.1,0
1372.6,0
1848.3,0
1656.1,0
4584.6,1
66.4,0
2606.7,0
3537.7,1
3451.9,1
4257.3,1
2684.3,0
4255.5,1
3628.0,1
4667.0,1
740.4,0
2147.9,0
2259.1,0
1567.6,0
992.3,0
1102.0,0
2517.2,0
3727.6,1
3049.7,0
2023.1,0
506.0,0
786.7,0
4876.0,1
1135.6,0
643.4,0
2690.2,0
4983.4,1
3605.9,1
3610.0,1
3103.7,0
3207.5,0
813.5,0
3610.3,1
1938.6,0
1952.1,0
485.7,0
1633.8,0
3951.2,1
2279.1,0
2326.8,0
2404.6,0
1875.9,0
4613.0,1
3292.7,0
4826.8,1
1657.0,0
2061.8,0
3938.0,1
2659.2,0
1794.7,0
4126.5,1
2800.9,0
3599.6,1
2161.5,0
4308.8,1
3211.2,0
4814.0,1
311.0,0
309.9,0
267.5,0
3980.9,1
4885.6,1
3535.1,1
3655.2,1
4567.0,1
3907.8,1
4586.2,1
2209.0,0
1645.8,0
1414.4,0
10.0,0
103.2,0
4053.4,1
1128.9,0
2680.6,0
3076.9,0
1724.4,0
728.8,0
2724.0,0
3204.6,0
1364.6,0
4517.1,1
2672.8,0
4129.5,1
2915.9,0
1452.6,0
3738.4,1
3771.8,1
1973.5,0
1580.3,0
1045.7,0
2490.4,0
103.2,0
4231.9,1
1800.9,0
369.5,0
590.4,0
2479.7,0
2575.8,0
1287.7,0
2030.3,0
774.9,0
2787.7,0
4196.5,1
737.7,0
2081.3,0
3919.7,1
3514.1,1
1453.4,0
3833.7,1
1415.5,0
4860.9,1
3814.3,1
4747.0,1
1676.6,0
1904.7,0
4643.0,1
3500.4,1
2189.6,0
1611.7,0
2352.9,0
4348.0,1
4237.1,1
1459.7,0
130.4,0
1864.4,0
2807.6,0
2484.1,0
217.0,0
2230.4,0
993.6,0
1561.0,0
3515.9,1
798.4,0
1221.4,0
4419.5,1
3150.4,0
3598.3,1
2744.2,0
4139.9,1
132.6,0
1496.5,0
3534.5,1
3301.7,0
4156.2,1
531.5,0
998.9,0
3187.8,0
1602.3,0
3058.9,0
2238.1,0
4451.2,1
755.8,0
2144.4,0
1924.7,0
3889.4,1
812.2,0
4728.8,1
985.9,0
2242.9,0
144.3,0
1156.4,0
3953.2,1
4804.7,1
3840.4,1
1938.4,0
4450.7,1
1662.6,0
636.1,0
2681.3,0
2943.9,0
4951.8,1
842.6,0
3543.1,1
3776.0,1
888.6,0
2585.9,0
352.5,0
2013.5,0
1503.0,0
3291.8,0
2218.6,0
4675.5,1
3376.3,0
2057.8,0
1247.9,0
300.5,0
3944.8,1
3018.7,0
4677.3,1
3931.9,1
3847.3,1
1022.9,0
117.0,0
3634.2,1
1911.2,0
3949.6,1
2178.4,0
2191.1,0
4506.0,1
4546.8,1
511.5,0
4130.9,1
2292.8,0
4032.3,1
171.6,0
309.1,0
3203.1,0
4360.4,1
4380.5,1
7.8,0
1472.1,0
2187.1,0
978.6,0
4726.9,1
2793.3,0
4887.7,1
4263.8,1
396.7,0
995.6,0
4014.7,1
3027.3,0
682.7,0
4471.8,1
2774.0,0
2164.8,0
4741.6,1
4377.9,1
2172.3,0
2538.3,0
2820.7,0
567.0,0
1553.1,0
662.8,0
2760.8,0
3685.4,1
1009.6,0
2607.3,0
4293.1,1
1274.7,0
1410.0,0
2678.8,0
538.3,0
793.4,0
4971.8,1
4163.7,1
3210.1,0
3746.5,1
649.8,0
4043.6,1
1949.5,0
934.5,0
855.2,0
3103.0,0
1361.5,0
4559.6,1
1355.0,0
4361.4,1
2316.6,0
4823.5,1
4488.2,1
4227.7,1
63.8,0
452.9,0
545.3,0
871.7,0
1989.4,0
3956.6,1
1088.9,0
3188.0,0
229.4,0
3164.4,0
2445.1,0
2834.9,0
712.2,0
2000.0,0
3360.6,0
3119.8,0
3400.6,0
2037.3,0
1940.8,0
474.4,0
4780.8,1
2576.0,0
2781.5,0
1864.6,0
638.8,0
718.6,0
2247.4,0
3149.8,0
3362.3,0
2802.8,0
4851.7,1
2002.4,0
3129.8,0
3523.0,1
460.4,0
3018.0,0
2797.6,0
1412.8,0
4488.2,1
3523.6,1
1236.6,0
570.9,0
4986.1,1
4913.5,1
1231.6,0
3819.7,1
2698.7,0
4743.0,1
1881.7,0
340.9,0
1075.2,0
3081.1,0
1062.1,0
4075.5,1
3248.2,0
4358.8,1
3972.5,1
3096.5,0
752.9,0
2509.9,0
966.1,0
2101.9,0
3500.2,1
1220.4,0
2947.9,0
2815.0,0
4194.5,1
1463.7,0
3386.7,0
3831.3,1
4902.1,1
3183.8,0
3333.1,0
4793.3,1
4872.4,1
3251.1,0
3400.0,0
173.5,0
1400.8,0
3520.4,1
2754.8,0
1377.1,0
866.3,0
2969.2,0
3822.7,1
544.0,0
2200.9,0
4854.7,1
594.5,0
3848.4,1
2617.6,0
609.0,0
4352.3,1
720.8,0
1323.3,0
4770.8,1
199.4,0
3833.6,1
4426.1,1
2094.9,0
4638.1,1
2226.4,0
3282.9,0
3906.6,1
1735.7,0
4628.3,1
4642.5,1
4171.5,1
2539.0,0
2377.7,0
3050.0,0
3932.4,1
4101.3,1
2811.3,0
3174.9,0
2242.0,0
2262.0,0
2606.4,0
3548.2,1
3086.9,0
2070.3,0
4527.5,1
4442.2,1
4181.3,1
2643.9,0
951.7,0
3042.0,0
1212.0,0
3223.6,0
3572.1,1
411.0,0
115.3,0
2277.2,0
2941.1,0
1138.7,0
4312.5,1
2477.2,0
3726.6,1
1023.7,0
4045.0,1
1564.8,0
4860.6,1
105.3,0
4355.3,1
2034.7,0
3701.9,1
3571.5,1
4912.0,1
4222.0,1
3907.5,1
4409.7,1
624.7,0
4879.4,1
4624.0,1
1434.8,0
3689.9,1
4003.4,1
1413.2,0
3601.1,1
2126.8,0
2877.4,0
4362.6,1
2239.4,0
4956.7,1
4227.7,1
3453.2,1
912.2,0
629.3,0
4769.5,1
3122.8,0
137.6,0
2614.2,0
343.2,0
2551.6,0
2095.6,0
4811.3,1
1545.3,0
3420.0,0
3711.7,1
3426.4,1
3956.4,1
2533.2,0
1065.1,0
1740.6,0
2418.5,0
2840.6,0
4099.4,1
2694.1,0
1421.4,0
1635.8,0
348.9,0
2109.4,0
2935.3,0
1806.9,0
338.4,0
2922.5,0
1022.8,0
2778.9,0
1859.2,0
1485.8,0
2002.6,0
352.8,0
399.2,0
526.1,0
3200.3,0
999.1,0
4028.3,1
4539.4,1
4549.6,1
4471.3,1
1603.7,0
1622.8,0
305.0,0
4402.2,1
782.7,0
1054.9,0
3093.2,0
513.5,0
1468.4,0
4308.3,1
1115.1,0
1087.0,0
3015.5,0
2706.4,0
2422.8,0
1708.6,0
4708.4,1
1763.4,0
755.5,0
4320.4,1
1573.5,0
1301.2,0
3580.3,1
3712.0,1
2930.0,0
4742.1,1
2627.4,0
291.1,0
3730.3,1
419.2,0
3183.1,0
210.2,0
2356.2,0
2244.6,0
3939.3,1
3438.8,1
2225.6,0
3005.7,0
3213.4,0
207.7,0
4961.7,1
141.0,0
3694.8,1
822.7,0
198.7,0
4147.5,1
452.8,0
2595.9,0
750.2,0
2339.3,0
710.9,0
9.5,0
3095.4,0
1611.0,0
1692.7,0
3995.5,1
1542.0,0
2400.8,0
3540.9,1
2295.1,0
242.8,0
4797.5,1
4856.2,1
2692.2,0
2705.8,0
296.6,0
2588.7,0
1181.3,0
372.6,0
2566.4,0
1670.5,0
2058.7,0
4381.7,1
4463.4,1
3619.3,1
231.5,0
1135.4,0
723.4,0
3884.4,1
3258.9,0
4116.3,1
572.6,0
4237.6,1
1756.0,0
948.5,0
1151.7,0
4191.8,1
1534.8,0
2447.3,0
4872.0,1
529.5,0
4141.2,1
1241.6,0
3906.4,1
3549.2,1
1507.2,0
2328.2,0
4941.4,1
1930.7,0
2924.7,0
2643.6,0
584.9,0
1292.5,0
332.4,0
4923.1,1
472.5,0
1829.5,0
2425.3,0
794.3,0
811.0,0
2112.4,0
2147.3,0
729.0,0
3286.1,0
2869.2,0
4388.6,1
4790.6,1
1137.7,0
901.5,0
142.4,0
108.7,0
423.4,0
2493.8,0
923.7,0
2269.4,0
1151.5,0
2368.1,0
1349.4,0
948.3,0
546.1,0
2794.6,0
1041.7,0
4205.3,1
205.3,0
2715.3,0
4138.6,1
312.0,0
4523.9,1
3820.9,1
2913.1,0
683.9,0
4921.5,1
3358.4,0
3754.2,1
2326.0,0
3378.8,0
3747.3,1
108.0,0
3412.0,0
3077.0,0
1966.9,0
3356.2,0
1677.0,0
1970.7,0
2758.4,0
2011.5,0
1407.8,0
4467.4,1
2597.8,0
2112.2,0
3465.7,1
1997.9,0
3913.0,1
3464.7,1
3469.4,1
4279.1,1
3153.6,0
2845.3,0
2378.6,0
408.8,0
2471.0,0
2054.5,0
2879.6,0
1140.7,0
1494.5,0
4765.3,1
1209.4,0
3724.8,1
1790.2,0
3045.6,0
1211.4,0
1221.6,0
525.9,0
4491.8,1
4672.7,1
180.1,0
1841.7,0
4407.8,1
828.5,0
2840.3,0
1339.3,0
843.7,0
1498.3,0
1620.0,0
200.6,0
1744.7,0
1231.4,0
1608.0,0
3268.8,0
4662.3,1
3.1,0
3767.6,1
1896.7,0
4769.6,1
146.1,0
710.0,0
1552.9,0
1847.0,0
4194.6,1
3348.9,0
4408.1,1
2551.0,0
925.7,0
776.7,0
1227.5,0
4698.9,1
563.3,0
3428.5,1
1256.7,0
399.6,0
1788.7,0
2759.3,0
1589.4,0
491.9,0
1827.7,0
3962.2,1
3182.0,0
2192.1,0
2675.5,0
4623.9,1
2803.2,0
3489.8,1
3955.5,1
306.8,0
1406.5,0
3556.7,1
4369.9,1
220.9,0
2847.3,0
1816.0,0
2884.2,0
2329.4,0
3147.1,0
1811.9,0
67.7,0
83.2,0
147.2,0
3325.6,0
826.5,0
4393.3,1
968.3,0
2301.4,0
2894.3,0
2131.2,0
3726.7,1
3328.0,0
4569.4,1
1974.9,0
3276.5,0
1453.1,0
253.9,0
2920.0,0
2396.3,0
4110.5,1
1202.9,0
3363.1,0
2362.4,0
3636.8,1
4903.7,1
3739.1,1
926.6,0
2753.0,0
4147.5,1
2598.9,0
177.8,0
1617.1,0
294.5,0
2792.9,0
2658.4,0
4681.7,1
987.3,0
402.1,0
728.7,0
2902.8,0
2011.8,0
1799.5,0
358.4,0
1517.8,0
2216.0,0
70.8,0
452.7,0
2993.8,0
3963.5,1
882.4,0
4371.0,1
121.1,0
4644.9,1
2121.7,0
3097.8,0
4081.7,1
4845.2,1
3427.3,1
899.0,0
209.0,0
58.0,0
1802.5,0
3733.0,1
3733.7,1
1624.9,0
2756.8,0
120.1,0
2875.9,0
2461.4,0
2275.1,0
4978.3,1
4142.9,1
491.7,0
4471.6,1
3598.5,1
4171.9,1
2991.4,0
682.4,0
3826.9,1
4970.0,1
3792.7,1
1038.9,0
3676.5,1
2456.2,0
4503.1,1
3275.6,0
1850.2,0
4882.6,1
3725.9,1
337.3,0
795.0,0
362.1,0
477.4,0
2877.6,0
450.2,0
731.9,0
848.2,0
1469.3,0
2393.5,0
2695.6,0
1280.8,0
1282.0,0
983.9,0
4934.1,1
4408.5,1
2342.3,0
996.2,0
1990.0,0
320.0,0
3381.3,0
258.3,0
905.0,0
2627.5,0
4362.7,1
1958.3,0
608.5,0
3307.4,0
1933.2,0
2406.5,0
102.2,0
1723.2,0
4648.5,1
125.1,0
4643.7,1
4648.4,1
2029.6,0
3819.0,1
596.6,0
1192.9,0
3684.9,1
213.5,0
4432.1,1
327.4,0
2101.6,0
4533.8,1
2064.5,0
1668.3,0
1643.9,0
4828.0,1
2442.7,0
4213.9,1
2293.4,0
130.2,0
3459.9,1
492.8,0
2096.3,0
3509.4,1
2253.4,0
4778.3,1
350.4,0
4491.7,1
1311.5,0
2874.6,0
1183.6,0
2749.7,0
2068.2,0
2917.2,0
900.0,0
1224.7,0
4779.0,1
1508.0,0
2941.2,0
4062.8,1
1478.1,0
4770.0,1
4712.1,1
32.9,0
4086.7,1
4097.3,1
864.6,0
250.4,0
3745.5,1
3665.4,1
2303.1,0
398.1,0
3896.2,1
49.5,0
2247.5,0
3552.2,1
3446.0,1
2689.2,0
258.3,0
2378.6,0
4299.6,1
1936.5,0
464.2,0
888.4,0
3334.0,0
3931.3,1
3247.4,0
3838.9,1
480.8,0
2549.6,0
2118.6,0
2248.8,0
4695.4,1
3304.0,0
2589.8,0
2080.7,0
2023.5,0
3020.0,0
169.8,0
1091.8,0
2903.4,0
3681.7,1
3996.5,1
3699.2,1
638.4,0
811.7,0
1518.8,0
4654.0,1
4723.1,1
3948.6,1
1624.3,0
1114.5,0
4812.0,1
3316.3,0
4974.8,1
2502.4,0
4831.5,1
4851.9,1
3323.7,0
157.5,0
947.2,0
1158.6,0
2079.2,0
3968.2,1
4082.7,1
936.9,0
3253.2,0
4642.6,1
2616.2,0
2261.3,0
4116.2,1
4394.3,1
176.0,0
4729.8,1
1091.8,0
308.4,0
3885.6,1
1328.2,0
4253.1,1
3727.7,1
3166.1,0
2833.6,0
4273.2,1
1635.5,0
2802.2,0
3647.9,1
3791.7,1
3230.2,0
1509.2,0
2207.4,0
2076.6,0
1544.3,0
2276.0,0
4685.9,1
3228.7,0
1006.0,0
2714.6,0
4623.7,1
2135.7,0
3236.8,0
4271.9,1
2593.8,0
3070.7,0
2301.7,0
3946.5,1
4030.1,1
3855.8,1
1620.9,0
4321.3,1
2525.6,0
1905.0,0
32.5,0
1624.0,0
971.3,0
1068.3,0
1115.6,0
1697.7,0
3229.7,0
4497.4,1
4334.5,1
316.8,0
362.7,0
3415.5,0
3688.7,1
1252.5,0
1715.8,0
4754.4,1
20.6,0
931.6,0
4789.0,1
3293.1,0
846.5,0
1749.3,0
4483.6,1
4805.1,1
1108.3,0
3983.2,1
852.9,0
1090.6,0
918.2,0
2440.5,0
1398.9,0
2120.1,0
247.1,0
3628.6,1
1315.0,0
3354.1,0
2155.8,0
4582.2,1
3321.0,0
469.8,0
4447.7,1
988.9,0
4234.5,1
4382.9,1
3612.8,1
4891.3,1
606.3,0
4886.0,1
1602.8,0
65.5,0
99.8,0
3963.5,1
738.7,0
4274.2,1
2584.7,0
3490.2,1
4041.7,1
1820.7,0
3025.1,0
1737.5,0
4255.6,1
2331.1,0
31.3,0
1472.2,0
4225.5,1
2406.5,0
718.5,0
924.3,0
3508.2,1
1538.3,0
1517.7,0
2951.8,0
3326.6,0
1738.7,0
3307.5,0
539.3,0
3214.8,0
118.6,0
1250.6,0
2671.6,0
252.0,0
263.1,0
3237.1,0
3263.8,0
2627.4,0
927.5,0
1625.6,0
3702.1,1
4244.7,1
1306.4,0
1364.9,0
957.8,0
1242.6,0
4348.0,1
982.2,0
9.5,0
4672.2,1
10.8,0
141.8,0
4190.8,1
2141.2,0
2644.3,0
1469.6,0
3624.7,1
2914.9,0
3418.0,0
4788.2,1
1438.4,0
4279.0,1
1370.1,0
3832.0,1
3892.1,1
4126.3,1
340.4,0
3723.3,1
3495.1,1
3368.0,0
4115.5,1
1989.9,0
2249.8,0
560.0,0
1331.9,0
427.1,0
2015.9,0
3721.4,1
4968.6,1
2262.0,0
2381.1,0
1419.7,0
1459.1,0
3463.1,1
3950.9,1
3558.2,1
3452.8,1
3191.0,0
2510.4,0
1952.8,0
438.8,0
2993.4,0
309.1,0
2045.9,0
2964.1,0
1247.4,0
1155.6,0
4552.4,1
406.8,0
4000.5,1
2156.3,0
964.0,0
1569.4,0
156.8,0
3958.7,1
1991.4,0
3374.5,0
416.3,0
4875.6,1
100.5,0
646.4,0
3620.5,1
4946.6,1
768.3,0
4365.3,1
1087.4,0
3821.8,1
3368.2,0
4036.6,1
443.2,0
4686.1,1
1393.2,0
3120.8,0
1909.8,0
2838.5,0
1367.9,0
279.5,0
3276.3,0
1823.2,0
986.5,0
3345.9,0
235.4,0
3498.6,1
1535.5,0
4140.0,1
3918.1,1
678.9,0
2109.0,0
3884.4,1
4956.2,1
589.1,0
4151.8,1
3232.1,0
4840.5,1
3965.0,1
38.4,0
961.5,0
3607.5,1
3033.7,0
4522.8,1
2414.3,0
3628.3,1
189.4,0
388.4,0
4625.9,1
1649.3,0
244.5,0
4603.2,1
3397.5,0
1716.9,0
3021.5,0
814.4,0
3700.2,1
2694.5,0
3780.2,1
1524.1,0
4174.5,1
2296.4,0
260.2,0
2282.5,0
501.0,0
4406.5,1
1523.7,0
1316.0,0
3973.1,1
3289.3,0
3320.1,0
280.6,0
4609.7,1
1105.1,0
4789.4,1
2616.8,0
3464.4,1
2394.3,0
4314.6,1
2540.0,0
1852.6,0
812.5,0
1000.8,0
4682.0,1
4551.0,1
863.4,0
1843.0,0
2350.8,0
2289.6,0
4358.4,1
2994.9,0
2668.0,0
4281.4,1
1160.4,0
2865.9,0
1511.7,0
3771.7,1
3531.7,1
2303.9,0
4231.1,1
0.8,0
2180.5,0
3752.8,1
4944.3,1
2008.5,0
632.3,0
1094.2,0
3481.8,1
4053.9,1
3728.6,1
2116.5,0
1135.7,0
3213.8,0
3739.8,1
1625.5,0
346.6,0
2283.8,0
144.7,0
1797.3,0
3493.0,1
1815.4,0
888.9,0
3482.9,1
3505.9,1
233.0,0
614.6,0
736.3,0
2082.9,0
1924.3,0
3511.2,1
3364.6,0
1473.8,0
1766.4,0
1521.9,0
3065.1,0
1779.5,0
2215.1,0
1546.2,0
980.0,0
4260.3,1
992.6,0
1232.8,0
828.5,0
1014.3,0
4345.6,1
2952.0,0
1394.4,0
1256.6,0
1799.7,0
4989.2,1
3899.8,1
4237.3,1
2292.8,0
1802.9,0
3474.3,1
1048.8,0
4824.0,1
3653.9,1
2923.0,0
2911.3,0
4924.5,1
1404.1,0
3738.8,1
4075.7,1
855.6,0
1133.6,0
4043.0,1
4176.4,1
3460.2,1
3942.2,1
1697.2,0
3959.8,1
2026.4,0
1138.1,0
4760.2,1
2297.4,0
4739.3,1
2278.4,0
1301.4,0
4135.5,1
4739.4,1
2280.6,0
3984.4,1
2758.9,0
3492.8,1
2959.0,0
2381.7,0
3473.4,1
719.0,0
2516.6,0
4332.8,1
1569.7,0
2637.4,0
1656.0,0
3443.0,1
4505.9,1
2262.0,0
3122.7,0
1312.9,0
854.0,0
542.4,0
2438.4,0
4653.8,1
2958.4,0
4577.4,1
3464.5,1
4900.1,1
3251.0,0
3217.0,0
4631.4,1
480.5,0
3488.5,1
496.4,0
2503.4,0
667.1,0
1585.3,0
4307.5,1
2005.5,0
2516.7,0
4233.2,1
916.5,0
296.9,0
2832.5,0
1306.1,0
4523.4,1
4224.0,1
2441.6,0
2375.8,0
1133.7,0
2550.7,0
650.5,0
3608.2,1
4115.0,1
4647.1,1
970.0,0
4228.9,1
1695.7,0
1481.0,0
4832.4,1
3984.9,1
965.6,0
1373.9,0
3651.1,1
4541.2,1
1394.5,0
18.3,0
1844.8,0
2248.0,0
1016.7,0
2998.9,0
2839.6,0
1748.1,0
836.9,0
303.3,0
343.4,0
3911.4,1
1358.3,0
3157.6,0
823.0,0
2577.4,0
3987.3,1
3553.8,1
65.1,0
1018.0,0
4240.3,1
265.3,0
1064.7,0
1002.6,0
4410.1,1
4293.2,1
2101.8,0
1520.8,0
4344.3,1
2415.0,0
3382.7,0
4885.3,1
3282.4,0
3979.2,1
3336.7,0
667.9,0
3193.3,0
2766.5,0
4475.5,1
3193.3,0
1993.9,0
1523.3,0
2288.5,0
2786.3,0
4538.9,1
2652.2,0
3508.2,1
432.7,0
1380.0,0
1864.0,0
4159.1,1
1199.3,0
741.9,0
3366.1,0
2796.1,0
2382.3,0
2053.2,0
937.6,0
4325.8,1
4776.7,1
3853.7,1
3039.1,0
450.3,0
1896.4,0
3383.2,0
749.3,0
1898.2,0
3.8,0
4646.9,1
1259.1,0
2311.3,0
2121.7,0
1721.3,0
789.7,0
4702.4,1
4925.5,1
1507.7,0
3073.7,0
4508.4,1
1492.5,0
344.8,0
1561.9,0
4530.1,1
4709.2,1
778.0,0
3643.7,1
958.1,0
1190.5,0
3159.7,0
3054.7,0
4976.1,1
1547.2,0
2613.6,0
4324.5,1
1899.1,0
1058.8,0
2635.4,0
4160.9,1
364.3,0
2828.7,0
4435.1,1
1507.3,0
4383.4,1
2052.9,0
1273.9,0
2043.0,0
1692.1,0
2394.0,0
3605.2,1
3419.9,0
2297.8,0
3146.7,0
3305.0,0
2225.5,0
2825.8,0
418.3,0
15.0,0
4045.2,1
2938.1,0
4240.3,1
1214.0,0
2868.5,0
1689.4,0
2985.3,0
1870.6,0
3903.8,1
4143.9,1
626.1,0
54.7,0
1438.3,0
1264.8,0
2893.4,0
4869.7,1
294.5,0
2965.4,0
3998.5,1
3709.8,1
3191.2,0
4690.8,1
3381.1,0
723.6,0
1313.1,0
1244.2,0
2504.4,0
1864.2,0
4197.5,1
1.7,0
888.2,0
1980.6,0
1426.1,0
639.8,0
1772.6,0
4698.2,1
3218.4,0
1135.6,0
3332.1,0
1230.3,0
930.6,0
3210.4,0
19.0,0
758.3,0
4899.5,1
141.7,0
4345.7,1
2313.1,0
4185.3,1
1041.3,0
371.2,0
424.4,0
3239.1,0
754.2,0
1656.4,0
356.7,0
1873.4,0
995.8,0
2031.0,0
2315.8,0
2565.2,0
2484.1,0
4014.3,1
4769.0,1
2024.2,0
2882.9,0
4060.5,1
3276.3,0
4440.0,1
4322.9,1
2074.3,0
522.5,0
4633.0,1
4427.8,1
6.8,0
4966.2,1
4676.8,1
3373.2,0
1038.7,0
2113.6,0
4950.0,1
3429.4,1
2046.1,0
651.5,0
3471.3,1
4147.3,1
4644.7,1
4491.5,1
3603.6,1
1908.3,0
4472.9,1
4090.3,1
3336.6,0
3555.8,1
1047.1,0
509.1,0
2313.4,0
720.0,0
3439.8,1
3928.4,1
495.0,0
2205.2,0
4420.9,1
3336.9,0
2856.5,0
2430.1,0
2544.4,0
4936.6,1
4571.9,1
3786.1,1
1520.9,0
2996.1,0
4629.2,1
3370.6,0
563.8,0
108.2,0
4026.8,1
3195.3,0
1442.5,0
3384.8,0
2214.8,0
2167.6,0
346.9,0
4072.7,1
1125.2,0
3832.0,1
175.0,0
1788.6,0
3304.8,0
691.2,0
617.1,0
330.9,0
188.9,0
76.4,0
4040.2,1
3620.0,1
4036.5,1
4095.7,1
3225.9,0
1716.2,0
4418.8,1
4427.8,1
4982.7,1
3693.4,1
1262.0,0
4042.3,1
718.2,0
659.5,0
2081.3,0
2424.1,0
3868.3,1
1452.3,0
2153.8,0
1948.6,0
4188.0,1
747.8,0
245.7,0
3662.0,1
1965.9,0
3905.7,1
2051.7,0
27.0,0
751.3,0
1894.6,0
2946.8,0
1016.8,0
1805.1,0
390.7,0
917.2,0
4503.3,1
4396.0,1
3499.6,1
3356.6,0
2722.5,0
4769.5,1
2305.4,0
1651.5,0
340.3,0
2199.5,0
1787.3,0
35.9,0
562.9,0
3398.5,0
32.5,0
1067.1,0
1561.3,0
3537.9,1
3656.8,1
3796.0,1
2304.3,0
1905.1,0
305.6,0
1867.3,0
2306.1,0
3400.9,0
273.7,0
505.5,0
991.4,0
4082.8,1
3382.4,0
3770.2,1
4779.6,1
1992.1,0
708.3,0
1184.6,0
1476.7,0
4705.7,1
2784.5,0
3757.3,1
4510.2,1
3560.8,1
1174.5,0
4612.9,1
1958.8,0
2251.4,0
436.0,0
2254.0,0
1687.1,0
2265.8,0
3010.0,0
2760.7,0
1194.0,0
4623.5,1
4810.6,1
422.0,0
3165.6,0
2994.8,0
520.5,0
1632.5,0
1456.7,0
3868.7,1
23.9,0
1503.7,0
4849.4,1
893.2,0
2213.4,0
281.4,0
354.7,0
940.4,0
4188.2,1
4361.6,1
4389.0,1
786.8,0
2083.5,0
823.6,0
2565.6,0
1054.9,0
1717.4,0
897.3,0
823.8,0
3713.0,1
4230.9,1
1445.9,0
2368.1,0
2566.4,0
3298.0,0
3351.5,0
4624.1,1
1563.4,0
434.5,0
912.2,0
2045.5,0
3729.2,1
3710.7,1
576.0,0
4708.2,1
2926.4,0
1139.5,0
3717.1,1
125.1,0
2376.3,0
4828.4,1
4492.6,1
2391.7,0
2707.4,0
969.6,0
1379.3,0
3036.5,0
3527.4,1
4704.7,1
4386.7,1
2955.1,0
3297.3,0
4148.6,1
3236.4,0
3070.5,0
4624.0,1
4799.1,1
3506.2,1
4035.7,1
4116.6,1
4092.7,1
788.0,0
2315.3,0
302.9,0
2197.3,0
4322.9,1
659.3,0
3942.8,1
3495.5,1
3195.3,0
1667.4,0
3252.7,0
326.5,0
4994.7,1
4627.2,1
3709.2,1
3529.4,1
44.6,0
2236.2,0
2251.7,0
939.9,0
4883.8,1
3392.4,0
892.8,0
944.3,0
3015.4,0
4895.8,1
3013.5,0
2932.9,0
3787.4,1
2114.6,0
4114.0,1
112.6,0
2846.4,0
1715.0,0
4624.3,1
2196.8,0
2654.0,0
2904.5,0
454.3,0
4898.5,1
2806.9,0
3480.2,1
3092.7,0
3840.2,1
3097.7,0
2428.0,0
4761.2,1
2548.9,0
4299.2,1
4087.4,1
1749.6,0
3792.0,1
2120.8,0
3556.4,1
1493.4,0
2653.5,0
4008.4,1
2838.3,0
1628.1,0
2455.9,0
2923.7,0
695.9,0
3491.5,1
4639.2,1
2670.3,0
2193.2,0
2359.6,0
434.8,0
3948.4,1
2542.4,0
2133.0,0
3922.3,1
3387.3,0
964.1,0
120.0,0
419.9,0
674.2,0
2309.0,0
1296.6,0
750.0,0
1794.5,0
124.2,0
50.3,0
1760.7,0
3853.2,1
3276.7,0
3289.2,0
4775.1,1
66.4,0
4713.9,1
2336.7,0
1209.2,0
3354.6,0
3276.3,0
2026.1,0
1378.6,0
3817.9,1
1389.7,0
2991.9,0
4305.1,1
3049.4,0
2405.6,0
3319.5,0
4488.1,1
4878.0,1
2287.3,0
4762.7,1
3332.5,0
3877.6,1
3574.2,1
3492.5,1
4073.6,1
3554.1,1
2453.3,0
476.2,0
2814.4,0
809.8,0
3365.1,0
3744.3,1
3857.0,1
3612.5,1
1048.5,0
1605.6,0
1652.0,0
2576.8,0
2412.9,0
4404.8,1
555.2,0
2807.7,0
1561.8,0
2050.5,0
1204.6,0
4597.4,1
66.9,0
3718.3,1
1431.6,0
2386.2,0
1068.6,0
3873.7,1
3160.5,0
3541.0,1
2928.3,0
3825.2,1
3435.8,1
3643.0,1
1295.1,0
2578.9,0
37.0,0
1057.8,0
2670.0,0
907.8,0
4750.8,1
2307.8,0
1641.0,0
2926.5,0
3671.5,1
3579.7,1
1971.6,0
1886.3,0
3374.7,0
503.8,0
4628.0,1
3667.0,1
3078.9,0
4418.3,1
3956.5,1
3334.1,0
3481.9,1
4253.5,1
1691.3,0
4709.5,1
1185.9,0
2194.2,0
2615.2,0
3508.0,1
3137.1,0
2755.9,0
1764.8,0
4620.8,1
3409.6,0
3325.9,0
441.5,0
528.9,0
4385.9,1
3368.0,0
140.0,0
4785.3,1
1594.6,0
4220.3,1
1401.5,0
3570.8,1
2618.3,0
4619.3,1
1582.4,0
4555.1,1
1933.9,0
641.8,0
2421.9,0
2107.0,0
2583.2,0
516.3,0
4507.9,1
3385.7,0
1015.2,0
4415.3,1
2137.2,0
743.6,0
4028.1,1
1787.9,0
1227.6,0
626.4,0
540.2,0
3020.2,0
3981.4,1
653.0,0
2613.6,0
2065.3,0
279.4,0
446.5,0
2393.0,0
4429.8,1
1355.6,0
1951.1,0
853.3,0
3718.7,1
322.7,0
558.7,0
4910.8,1
3978.2,1
783.9,0
2802.1,0
3901.1,1
1183.8,0
4908.3,1
869.5,0
3962.9,1
1057.1,0
3536.5,1
238.8,0
1262.8,0
2610.0,0
370.5,0
1092.9,0
4486.9,1
1689.8,0
1516.8,0
855.9,0
3224.6,0
2635.9,0
2215.7,0
2782.8,0
2264.6,0
1535.0,0
2165.3,0
2323.2,0
4623.2,1
3635.0,1
3750.8,1
3091.9,0
1.3,0
4789.6,1
2201.3,0
2533.1,0
3359.1,0
680.2,0
4411.1,1
4824.8,1
3944.0,1
880.9,0
4784.9,1
2815.8,0
75.0,0
1420.8,0
2732.3,0
2350.3,0
1272.1,0
1262.6,0
2066.0,0
4561.5,1
2392.9,0
263.1,0
69.1,0
1103.4,0
1420.6,0
551.1,0
253.8,0
2587.9,0
1235.3,0
2870.8,0
2604.8,0
1431.5,0
3642.3,1
2442.4,0
2690.5,0
536.2,0
4934.8,1
1734.4,0
4191.3,1
3454.0,1
3329.9,0
3277.0,0
1751.6,0
4213.7,1
4664.9,1
29.6,0
3247.7,0
416.1,0
4883.1,1
4987.3,1
3375.7,0
3556.4,1
1744.9,0
120.0,0
3839.9,1
85.7,0
1442.8,0
4820.5,1
3596.9,1
4849.6,1
4788.3,1
4581.2,1
114.8,0
3114.4,0
2108.2,0
3371.7,0
4124.3,1
1042.7,0
2353.3,0
2458.9,0
2905.8,0
3183.9,0
2838.3,0
1596.0,0
973.2,0
3347.4,0
415.8,0
4048.3,1
518.4,0
1819.0,0
246.9,0
3170.1,0
4749.5,1
2805.7,0
216.8,0
205.8,0
1522.8,0
2692.6,0
987.5,0
2895.7,0
4479.6,1
3405.6,0
4881.5,1
585.4,0
1955.1,0
1090.0,0
3837.8,1
3575.6,1
3944.9,1
1784.9,0
843.4,0
4770.7,1
84.8,0
4170.4,1
3648.6,1
4035.4,1
2974.4,0
1098.3,0
19.5,0
1504.7,0
1476.0,0
4763.9,1
3944.2,1
1928.2,0
2568.7,0
4740.6,1
739.6,0
4471.0,1
696.6,0
3262.9,0
4222.9,1
4602.4,1
2867.9,0
1345.7,0
4329.8,1
1207.9,0
1952.1,0
3406.0,0
882.1,0
2003.7,0
4575.1,1
3610.1,1
2764.1,0
2144.7,0
3823.7,1
69.6,0
1491.1,0
21.5,0
3817.6,1
2164.1,0
2408.9,0
3160.4,0
2482.8,0
1529.0,0
1058.6,0
2170.7,0
4034.8,1
3721.9,1
4835.2,1
381.0,0
3032.9,0
2235.3,0
923.7,0
3442.1,1
2483.1,0
77.9,0
36.0,0
1732.9,0
880.7,0
2365.8,0
4862.5,1
2351.3,0
1504.5,0
1229.3,0
1942.0,0
3615.8,1
2746.2,0
881.1,0
2959.4,0
4205.6,1
4026.6,1
1475.0,0
4107.8,1
888.1,0
3591.4,1
3822.9,1
712.1,0
1762.7,0
3153.9,0
3874.5,1
929.4,0
186.9,0
1309.4,0
271.8,0
4130.8,1
3690.7,1
2550.2,0
2991.8,0
142.0,0
4329.8,1
2719.5,0
375.2,0
2406.0,0
2381.3,0
800.7,0
3364.9,0
2187.5,0
1411.5,0
495.6,0
3983.1,1
426.4,0
2893.2,0
729.3,0
2291.9,0
2377.4,0
698.0,0
3665.8,1
3233.7,0
192.6,0
909.3,0
4177.7,1
3411.3,0
4787.1,1
1607.7,0
3433.4,1
3942.3,1
743.7,0
4413.6,1
3156.4,0
2381.9,0
2213.8,0
2469.3,0
4881.1,1
3586.4,1
1307.9,0
4947.2,1
1180.1,0
788.1,0
1739.4,0
2665.2,0
1064.9,0
3369.1,0
3510.8,1
3813.0,1
643.5,0
4320.8,1
3550.6,1
1495.4,0
3567.0,1
4031.4,1
3982.0,1
3823.3,1
2331.1,0
510.6,0
3199.7,0
2651.3,0
2447.8,0
4207.3,1
3981.6,1
1636.7,0
2565.7,0
93.4,0
1127.3,0
1408.5,0
2909.1,0
2866.7,0
374.6,0
3353.2,0
4982.5,1
3423.5,1
1383.6,0
78.3,0
1960.4,0
4981.4,1
4283.4,1
3477.7,1
4230.5,1
3928.1,1
2389.9,0
4227.5,1
1428.9,0
4181.0,1
2057.7,0
4063.9,1
3660.4,1
3763.1,1
246.9,0
2271.0,0
620.1,0
3380.7,0
1788.7,0
2507.6,0
4784.5,1
4253.8,1
178.5,0
4255.2,1
4872.3,1
2152.9,0
199.3,0
4476.0,1
2432.7,0
2973.2,0
3255.9,0
2402.4,0
915.5,0
1182.4,0
9.3,0
215.5,0
1432.4,0
1649.8,0
581.1,0
3527.7,1
458.9,0
3283.2,0
4026.3,1
3442.7,1
3305.5,0
2491.8,0
4493.4,1
2421.8,0
2797.4,0
3484.6,1
3507.6,1
3573.4,1
227.6,0
2526.6,0
1731.5,0
4464.7,1
4144.5,1
1300.8,0
2146.4,0
4439.4,1
4486.2,1
2739.7,0
780.6,0
4278.3,1
3668.1,1
4500.6,1
2454.2,0
1060.2,0
5.4,0
2755.1,0
3672.2,1
4357.5,1
4069.6,1
1771.4,0
4368.2,1
1782.7,0
430.6,0
2990.8,0
3572.5,1
35.2,0
2670.4,0
1149.8,0
4472.2,1
3181.0,0
4933.5,1
2046.6,0
4280.9,1
3588.8,1
3047.6,0
445.1,0
3933.4,1
4186.8,1
4724.2,1
1952.5,0
4620.8,1
4497.5,1
4511.4,1
2670.4,0
4392.6,1
2585.7,0
3594.4,1
637.9,0
1072.7,0
4982.3,1
1571.1,0
4961.9,1
3107.0,0
4111.0,1
4120.4,1
1242.0,0
2841.8,0
2069.6,0
2283.1,0
1609.3,0
3320.8,0
3095.5,0
1812.9,0
3519.1,1
35.5,0
2125.5,0
106.2,0
1433.0,0
4823.5,1
744.6,0
4509.4,1
1261.3,0
3526.9,1
994.4,0
2002.6,0
2259.1,0
4292.9,1
2297.0,0
1645.9,0
1284.3,0
2776.5,0
4519.0,1
625.0,0
2350.9,0
1956.2,0
2775.7,0
3650.5,1
175.7,0
495.9,0
762.0,0
3722.3,1
4141.4,1
3312.3,0
198.2,0
3235.5,0
400.2,0
3011.5,0
2228.0,0
1284.1,0
2513.1,0
1198.6,0
501.5,0
1361.8,0
3465.1,1
1329.6,0
3934.6,1
2592.2,0
2345.0,0
613.6,0
799.1,0
4257.1,1
1622.1,0
3688.1,1
2913.4,0
607.9,0
4644.9,1
1153.1,0
3528.3,1
4144.2,1
2175.1,0
2089.2,0
1625.3,0
828.3,0
4224.5,1
2056.1,0
4640.0,1
2568.6,0
1607.2,0
1935.1,0
1167.4,0
4749.5,1
1138.5,0
3288.6,0
4059.9,1
3783.5,1
1471.1,0
46.2,0
2256.4,0
4745.9,1
2620.2,0
3857.3,1
3699.6,1
1708.0,0
2765.9,0
3384.6,0
4597.5,1
2959.1,0
1107.7,0
2684.7,0
1504.5,0
2999.4,0
456.7,0
2304.3,0
1141.8,0
1582.4,0
3.0,0
3663.1,1
2978.8,0
1375.7,0
659.4,0
4959.7,1
2809.4,0
2307.6,0
1706.9,0
1346.8,0
3354.4,0
1133.5,0
698.9,0
4286.4,1
3978.2,1
892.1,0
3707.0,1
2736.1,0
1817.7,0
1120.3,0
2519.4,0
3572.2,1
3807.0,1
803.9,0
1031.9,0
805.8,0
2516.7,0
2500.5,0
2812.5,0
1665.8,0
1641.1,0
718.3,0
4337.3,1
2884.8,0
3465.5,1
1939.7,0
2340.5,0
1795.4,0
4902.7,1
1657.4,0
2666.2,0
4406.4,1
2094.5,0
467.9,0
300.6,0
1623.0,0
923.0,0
1660.5,0
4273.8,1
2985.0,0
4405.3,1
2818.2,0
2136.2,0
3980.6,1
4278.1,1
4245.1,1
3837.2,1
3438.2,1
1024.2,0
3913.6,1
3447.7,1
3457.7,1
2761.1,0
417.2,0
2335.3,0
4571.5,1
3934.6,1
370.6,0
541.4,0
1479.6,0
808.2,0
2234.5,0
262.8,0
3968.9,1
200.8,0
3566.5,1
4267.1,1
4137.4,1
2703.7,0
722.7,0
3933.7,1
2986.3,0
935.3,0
4231.5,1
1209.1,0
1111.0,0
1250.9,0
7.6,0
4045.2,1
4051.4,1
1026.1,0
3912.1,1
1440.7,0
1647.9,0
3519.8,1
2790.4,0
3122.8,0
3864.4,1
246.9,0
4846.9,1
1767.8,0
4809.3,1
2971.3,0
1589.7,0
4934.8,1
3510.6,1
2606.9,0
1053.7,0
2461.3,0
558.2,0
4810.0,1
1676.6,0
4728.0,1
3891.5,1
1712.8,0
3426.2,1
4703.8,1
1482.4,0
1186.8,0
467.1,0
1551.4,0
2445.9,0
993.9,0
4207.9,1
2869.2,0
195.0,0
3782.1,1
4048.7,1
2916.0,0
1620.2,0
3609.3,1
442.7,0
1775.8,0
4264.2,1
1018.3,0
4622.5,1
4256.7,1
1989.9,0
3688.2,1
572.2,0
3816.3,1
2587.6,0
2607.3,0
95.2,0
1256.1,0
2227.3,0
4076.3,1
501.5,0
3242.5,0
984.0,0
4225.4,1
3117.1,0
1165.0,0
485.0,0
3668.0,1
1970.2,0
3856.6,1
1627.6,0
430.3,0
4428.1,1
1893.6,0
3527.2,1
3972.5,1
4119.1,1
725.4,0
1571.5,0
2421.4,0
2747.9,0
2947.6,0
2568.2,0
4097.2,1
4135.2,1
2671.0,0
405.1,0
4716.4,1
2310.9,0
2833.4,0
4803.1,1
3364.8,0
2968.1,0
790.4,0
4455.4,1
3325.0,0
4829.4,1
4145.4,1
4309.5,1
1399.2,0
3334.6,0
1478.3,0
4465.6,1
3329.8,0
2921.8,0
913.6,0
2591.4,0
564.6,0
3163.6,0
4165.5,1
3826.7,1
3052.0,0
497.1,0
3504.3,1
760.2,0
4404.1,1
3565.1,1
2095.7,0
770.0,0
3066.6,0
2777.7,0
67.7,0
1810.0,0
2324.2,0
1745.9,0
2987.3,0
4741.7,1
606.0,0
1445.0,0
3104.7,0
1198.0,0
921.9,0
99.5,0
1925.5,0
4741.5,1
3474.9,1
4553.2,1
2386.1,0
1279.8,0
3965.5,1
402.6,0
1135.5,0
4664.3,1
4835.5,1
2580.8,0
3221.9,0
1477.4,0
4289.9,1
4271.6,1
87.0,0
1299.7,0
1187.7,0
4362.5,1
2793.5,0
1758.8,0
3299.8,0
113.5,0
4462.5,1
3533.3,1
3416.6,0
398.0,0
3569.7,1
4592.9,1
4691.3,1
1453.3,0
3981.9,1
4127.0,1
1978.4,0
1408.4,0
3387.2,0
1861.9,0
3882.5,1
35.5,0
1049.2,0
4953.2,1
1559.1,0
1507.8,0
4555.8,1
4099.5,1
4725.6,1
292.1,0
475.6,0
825.3,0
1198.3,0
2658.2,0
3052.4,0
2374.7,0
667.3,0
2542.1,0
4658.0,1
4900.1,1
952.1,0
3362.7,0
4354.4,1
3746.5,1
1906.2,0
1794.1,0
2050.2,0
1156.4,0
4445.4,1
3873.1,1
2496.7,0
2564.1,0
4849.5,1
4817.7,1
2792.1,0
1010.0,0
2089.3,0
3409.5,0
800.0,0
3322.3,0
4583.9,1
4145.2,1
183.2,0
560.1,0
1381.0,0
4814.0,1
4284.0,1
48.9,0
1603.5,0
1870.3,0
2801.3,0
523.1,0
4695.4,1
2000.6,0
4926.7,1
3032.4,0
158.6,0
185.9,0
3019.7,0
3439.2,1
1344.6,0
1742.4,0
4174.3,1
3650.4,1
2040.4,0
4585.7,1
2469.1,0
3681.4,1
2959.7,0
1555.9,0
4178.5,1
2916.8,0
604.1,0
295.9,0
1269.9,0
1713.4,0
4595.9,1
3520.5,1
3107.2,0
3435.6,1
1024.8,0
2390.5,0
4488.7,1
1583.7,0
3037.2,0
2262.0,0
4249.5,1
2288.5,0
4467.3,1
3130.4,0
1342.4,0
2089.2,0
4071.2,1
4982.7,1
4776.1,1
1289.2,0
3228.6,0
2146.2,0
3017.3,0
1764.0,0
899.6,0
1276.9,0
4788.5,1
80.4,0
1443.1,0
3827.7,1
4863.9,1
1925.0,0
1399.3,0
1510.6,0
352.1,0
4948.2,1
556.3,0
3665.0,1
2017.8,0
1374.6,0
2242.4,0
2882.4,0
4369.0,1
185.9,0
416.8,0
538.4,0
1247.3,0
2554.9,0
4171.8,1
2423.7,0
134.5,0
292.8,0
1965.8,0
3176.1,0
3331.8,0
3443.9,1
2277.3,0
2922.4,0
1952.1,0
1894.7,0
4381.3,1
4693.4,1
3636.7,1
1153.8,0
2002.0,0
2616.0,0
2560.7,0
4115.3,1
653.6,0
2807.8,0
3376.7,0
823.1,0
4046.0,1
938.6,0
3155.8,0
2488.0,0
2243.2,0
553.9,0
4544.2,1
4964.7,1
1441.4,0
1378.6,0
1767.0,0
3670.1,1
4107.9,1
545.2,0
2868.6,0
2321.0,0
213.0,0
1515.2,0
3180.8,0
4654.1,1
2110.0,0
315.0,0
502.8,0
2116.3,0
4826.8,1
4141.0,1
2177.2,0
1051.6,0
2374.1,0
2469.2,0
3197.2,0
4428.7,1
1226.8,0
2247.4,0
1420.7,0
490.4,0
3192.5,0
1616.5,0
1974.0,0
1158.3,0
440.2,0
2180.0,0
473.4,0
1724.9,0
3435.3,1
3901.0,1
4860.7,1
3262.4,0
1406.2,0
1835.4,0
4128.0,1
73.4,0
2901.9,0
2778.3,0
4631.0,1
4848.3,1
3276.8,0
223.6,0
1492.4,0
602.3,0
1745.4,0
3451.6,1
4494.6,1
4544.7,1
69.2,0
2706.2,0
1817.3,0
4195.2,1
3206.9,0
4404.7,1
3899.8,1
2556.1,0
3422.8,1
99.9,0
2661.1,0
3558.7,1
4669.3,1
3341.0,0
2639.1,0
2382.4,0
3846.6,1
3609.5,1
1237.4,0
4158.9,1
24.8,0
2181.3,0
3480.3,1
293.1,0
504.6,0
3148.3,0
4143.8,1
2786.0,0
2241.1,0
1203.0,0
1764.5,0
4491.6,1
2500.9,0
839.2,0
4389.3,1
1943.2,0
799.8,0
3287.3,0
4145.3,1
4567.2,1
3869.0,1
4521.7,1
2904.3,0
3921.4,1
4531.6,1
1445.7,0
2260.4,0
2162.4,0
4889.5,1
2163.1,0
4011.4,1
1471.6,0
2489.0,0
1671.9,0
4785.7,1
1777.3,0
3132.4,0
3989.6,1
1253.4,0
1785.0,0
4847.3,1
3330.7,0
386.7,0
511.8,0
2497.7,0
3631.5,1
2876.9,0
3386.8,0
3418.4,0
1563.0,0
1483.6,0
4069.1,1
4652.4,1
3372.1,0
2988.5,0
1159.4,0
3663.9,1
4339.5,1
4218.6,1
2313.3,0
2001.9,0
2087.0,0
3687.1,1
113.0,0
3937.0,1
1805.9,0
4980.8,1
4556.9,1
3576.8,1
3799.5,1
1430.5,0
4883.0,1
4364.2,1
3794.3,1
3256.2,0
597.3,0
2974.7,0
402.6,0
3368.8,0
3943.1,1
63.2,0
2437.4,0
4950.7,1
1189.8,0
1294.2,0
3887.9,1
1267.2,0
675.0,0
2116.5,0
1237.2,0
1655.1,0
1932.2,0
1530.8,0
2749.7,0
2000.8,0
945.1,0
1606.6,0
2289.2,0
3753.6,1
1450.8,0
1434.7,0
833.0,0
1693.9,0
4619.3,1
3618.1,1
4371.5,1
3042.9,0
2257.4,0
3080.5,0
400.6,0
1223.2,0
3115.1,0
3381.4,0
2794.5,0
4346.4,1
4611.7,1
4603.0,1
1862.7,0
4701.2,1
3961.4,1
2736.0,0
2539.5,0
3193.0,0
1078.6,0
2037.1,0
941.2,0
2146.7,0
2271.9,0
3816.2,1
3180.7,0
2358.6,0
1163.9,0
3356.0,0
2902.9,0
1170.6,0
624.7,0
4900.0,1
780.0,0
2256.9,0
1838.7,0
2428.7,0
2655.9,0
613.9,0
3181.7,0
1180.4,0
3208.4,0
3081.1,0
4537.1,1
4462.5,1
3317.4,0
3196.9,0
4346.2,1
2363.3,0
4187.1,1
115.7,0
379.6,0
3100.1,0
2640.1,0
2942.2,0
63.3,0
3557.3,1
1778.1,0
980.6,0
3091.0,0
4459.6,1
4994.8,1
69.2,0
3204.9,0
3195.7,0
397.5,0
4251.4,1
3288.3,0
1512.2,0
525.0,0
2235.7,0
3236.4,0
1805.1,0
320.1,0
1624.7,0
4720.2,1
3569.8,1
1167.8,0
1550.3,0
712.1,0
536.9,0
3289.3,0
29.5,0
4666.5,1
4443.1,1
1343.9,0
1553.1,0
1025.5,0
3605.6,1
3041.4,0
1408.9,0
2789.0,0
1402.3,0
2439.4,0
4250.5,1
73.8,0
669.1,0
3958.5,1
203.9,0
1618.1,0
1614.2,0
4604.9,1
4833.5,1
4950.8,1
1306.5,0
2451.2,0
696.5,0
1844.1,0
4067.2,1
4167.8,1
4147.6,1
2432.2,0
4089.0,1
4494.9,1
1716.7,0
834.8,0
402.4,0
1792.2,0
2232.1,0
4202.2,1
4142.0,1
3312.9,0
3140.4,0
4661.4,1
3682.3,1
763.7,0
3584.0,1
3678.5,1
3565.5,1
4320.3,1
4810.0,1
1935.6,0
4512.6,1
712.4,0
2658.0,0
2099.1,0
3352.5,0
2642.6,0
394.7,0
2485.8,0
4307.7,1
2893.7,0
4904.2,1
3067.6,0
4716.5,1
1772.1,0
436.6,0
1761.7,0
1632.6,0
2885.4,0
4336.4,1
538.0,0
764.0,0
765.8,0
2534.9,0
716.1,0
3756.2,1
999.3,0
4258.0,1
1443.1,0
2732.9,0
1968.1,0
3543.8,1
4586.3,1
3942.1,1
2007.1,0
2083.4,0
2891.7,0
3120.2,0
3543.0,1
3459.5,1
494.1,0
957.5,0
745.0,0
1114.6,0
509.6,0
4489.3,1
619.8,0
3403.8,0
4062.7,1
3781.2,1
4550.4,1
3941.5,1
3862.3,1
4513.9,1
3108.8,0
2118.4,0
27.0,0
4387.2,1
3455.4,1
4258.5,1
1648.0,0
457.1,0
1810.3,0
4333.6,1
4890.6,1
3245.7,0
1615.6,0
2440.2,0
453.0,0
1602.9,0
146.8,0
3425.5,1
799.7,0
3870.0,1
803.0,0
4067.9,1
1555.3,0
86.3,0
4322.0,1
3706.4,1
4701.6,1
4067.0,1
1261.8,0
1013.4,0
2361.9,0
480.7,0
3478.2,1
4146.8,1
1903.6,0
899.0,0
892.2,0
1923.6,0
2251.9,0
1803.4,0
4523.1,1
564.4,0
4056.8,1
13.2,0
4672.3,1
2133.0,0
4772.1,1
1094.0,0
2370.4,0
2206.5,0
1569.1,0
2964.2,0
4120.7,1
12.4,0
698.3,0
4463.4,1
1397.8,0
3005.5,0
4614.1,1
2973.6,0
4592.6,1
3295.9,0
3922.9,1
487.0,0
459.7,0
2355.5,0
1863.3,0
214.1,0
3521.3,1
2529.6,0
4783.2,1
2603.0,0
4975.2,1
4100.8,1
4037.6,1
1360.6,0
4726.1,1
4566.4,1
3235.2,0
3318.6,0
4307.1,1
1587.0,0
1333.9,0
4842.4,1
3642.8,1
484.3,0
3654.4,1
1330.9,0
4733.7,1
1658.4,0
876.9,0
3666.8,1
303.6,0
4713.0,1
946.7,0
3799.0,1
3715.6,1
2995.8,0
3987.9,1
4854.1,1
381.6,0
254.6,0
2927.2,0
2334.7,0
169.4,0
4160.2,1
1832.1,0
887.0,0
1195.2,0
2097.0,0
4352.6,1
4957.2,1
4949.7,1
3419.7,0
192.8,0
3595.7,1
1779.0,0
4063.9,1
2320.6,0
2025.2,0
4240.1,1
2110.8,0
3914.4,1
2.9,0
4734.2,1
3125.8,0
2491.6,0
2944.6,0
2308.2,0
2018.9,0
4489.5,1
4211.5,1
1236.9,0
4511.6,1
815.8,0
2364.7,0
2909.8,0
3736.0,1
4123.1,1
3860.1,1
3404.0,0
444.9,0
341.0,0
2461.9,0
4696.9,1
919.4,0
3574.5,1
3227.6,0
3897.4,1
869.5,0
453.0,0
2100.9,0
129.0,0
1254.3,0
878.8,0
2874.9,0
4270.2,1
1661.3,0
1719.2,0
916.2,0
1270.7,0
1071.6,0
2753.9,0
4102.7,1
3516.8,1
4327.9,1
160.0,0
3577.1,1
3557.5,1
4202.9,1
2731.7,0
1147.1,0
1397.2,0
2338.9,0
4104.9,1
2958.7,0
3915.8,1
589.8,0
3244.8,0
2001.1,0
2097.5,0
504.9,0
1173.4,0
4742.9,1
784.6,0
179.3,0
4973.9,1
4368.5,1
2102.3,0
222.4,0
946.0,0
3654.6,1
1526.1,0
139.2,0
3318.6,0
1304.4,0
3335.1,0
175.0,0
3663.4,1
633.8,0
2328.8,0
4409.2,1
1149.3,0
1373.0,0
3159.4,0
2586.2,0
95.4,0
462.5,0
1060.4,0
3171.1,0
1325.6,0
3838.9,1
928.1,0
4434.5,1
4578.9,1
1364.0,0
1497.6,0
4163.0,1
345.4,0
1006.8,0
4651.0,1
4679.6,1
921.3,0
3255.6,0
263.3,0
3985.7,1
4863.3,1
1723.1,0
1547.7,0
4606.9,1
1606.6,0
2427.5,0
1722.7,0
2214.3,0
4961.6,1
2716.1,0
1253.0,0
4792.7,1
623.3,0
868.7,0
2638.5,0
2912.9,0
2544.3,0
3121.7,0
584.5,0
4446.4,1
1979.9,0
4132.0,1
1889.1,0
2002.3,0
280.4,0
1357.7,0
4057.0,1
2416.9,0
4707.1,1
4488.9,1
3571.0,1
2261.7,0
174.7,0
1259.1,0
1606.0,0
4330.4,1
4014.6,1
1931.0,0
3296.0,0
3340.3,0
1345.5,0
2626.6,0
3412.6,0
25.9,0
3771.4,1
4424.2,1
4761.0,1
3274.7,0
66.0,0
457.6,0
4286.2,1
1077.8,0
3141.8,0
4766.5,1
1369.1,0
198.7,0
1405.6,0
4480.3,1
2425.4,0
4910.9,1
3995.0,1
628.7,0
2914.8,0
2511.6,0
4513.0,1
4442.5,1
3450.9,1
3829.8,1
4069.7,1
4783.8,1
663.6,0
2749.5,0
2375.0,0
4015.5,1
1318.2,0
1754.2,0
2217.0,0
4814.3,1
4729.2,1
2311.1,0
3608.3,1
830.5,0
2348.1,0
704.3,0
1791.7,0
1749.5,0
2041.0,0
2124.2,0
1714.9,0
3601.1,1
4672.4,1
2791.4,0
1716.1,0
938.7,0
1348.2,0
1242.8,0
2424.9,0
522.2,0
958.8,0
1983.4,0
4466.3,1
861.9,0
3718.9,1
1721.0,0
2207.5,0
321.0,0
4406.5,1
1802.3,0
3918.9,1
1826.3,0
655.5,0
3904.4,1
1026.6,0
4347.3,1
364.7,0
1973.6,0
4019.8,1
1654.2,0
4818.8,1
4890.0,1
4265.9,1
3841.9,1
3207.8,0
3154.6,0
4031.2,1
2126.7,0
1014.4,0
348.4,0
417.9,0
4791.3,1
143.2,0
3542.2,1
465.9,0
4662.7,1
597.1,0
2918.5,0
2316.4,0
856.7,0
4016.9,1
4521.3,1
734.8,0
2730.7,0
4474.3,1
414.7,0
4906.4,1
2366.9,0
3668.6,1
892.8,0
2805.3,0
3294.0,0
3332.9,0
1063.7,0
1293.7,0
616.5,0
1434.3,0
2754.6,0
3504.3,1
4002.1,1
536.3,0
2196.5,0
4732.6,1
1689.4,0
4625.2,1
3639.6,1
2427.2,0
2224.9,0
1781.3,0
1268.5,0
2398.0,0
4470.1,1
4613.1,1
3550.9,1
1857.6,0
1631.2,0
1437.0,0
3391.5,0
4153.2,1
3937.0,1
1760.0,0
4998.7,1
577.2,0
946.5,0
4878.1,1
84.0,0
2120.0,0
141.0,0
1956.5,0
336.3,0
1465.3,0
1109.9,0
4899.7,1
4108.4,1
3927.9,1
2097.3,0
2477.4,0
2822.9,0
958.4,0
4638.4,1
824.2,0
4235.9,1
687.8,0
2245.6,0
418.3,0
2667.1,0
1673.1,0
707.1,0
2387.6,0
4798.3,1
2553.9,0
3633.1,1
4819.0,1
1867.1,0
1517.0,0
2120.2,0
1370.4,0
2587.3,0
3379.3,0
4081.4,1
1837.1,0
445.5,0
3979.9,1
761.2,0
548.2,0
792.4,0
4804.5,1
2257.0,0
2577.9,0
2031.8,0
4586.8,1
1454.1,0
4696.8,1
3084.3,0
2480.0,0
3461.5,1
2549.8,0
2484.4,0
1800.4,0
2191.9,0
4944.3,1
2933.3,0
4830.8,1
567.0,0
273.7,0
182.7,0
2848.8,0
299.4,0
3734.1,1
3928.6,1
2359.4,0
1843.6,0
483.0,0
1908.6,0
227.4,0
2640.5,0
4475.3,1
954.1,0
1607.2,0
587.3,0
3953.4,1
366.3,0
13.4,0
3470.9,1
4724.8,1
2105.0,0
4966.2,1
4428.2,1
3997.3,1
4817.9,1
272.9,0
3908.1,1
2932.7,0
4356.6,1
1071.3,0
3480.4,1
1020.8,0
2689.2,0
4854.1,1
2627.7,0
4753.9,1
3681.4,1
708.4,0
1027.6,0
3041.5,0
870.4,0
4625.7,1
1572.1,0
3636.9,1
2029.6,0
4630.8,1
1755.2,0
1944.9,0
1476.1,0
2676.6,0
282.0,0
329.4,0
3046.5,0
966.2,0
638.5,0
4985.9,1
2166.3,0
355.5,0
3108.9,0
4783.2,1
1411.1,0
3215.0,0
3866.0,1
4666.7,1
539.4,0
925.1,0
1375.3,0
197.7,0
848.6,0
2379.7,0
1997.0,0
1588.0,0
1063.3,0
4098.0,1
618.3,0
4616.2,1
2174.0,0
2714.3,0
3935.1,1
2028.4,0
3312.9,0
749.6,0
2060.0,0
1294.8,0
592.0,0
4238.6,1
702.8,0
1738.9,0
4567.4,1
4225.9,1
1762.7,0
1336.0,0
2477.1,0
4388.3,1
2472.1,0
668.2,0
4692.9,1
3890.5,1
3344.3,0
3680.0,1
1232.1,0
524.0,0
4020.5,1
1949.1,0
2770.8,0
4177.3,1
879.2,0
2542.4,0
925.3,0
798.6,0
3584.7,1
4552.7,1
4242.2,1
3486.7,1
4484.0,1
1301.2,0
2614.2,0
4259.9,1
2962.1,0
849.2,0
1118.7,0
3013.4,0
3494.3,1
3060.0,0
2815.3,0
3008.5,0
2363.1,0
3546.7,1
1391.7,0
2051.1,0
1254.8,0
2081.2,0
3680.8,1
775.6,0
1338.4,0
223.5,0
241.8,0
165.3,0
1643.6,0
2758.5,0
1105.6,0
2322.2,0
298.5,0
3402.4,0
892.4,0
769.3,0
4966.2,1
2110.2,0
2099.9,0
125.7,0
3190.6,0
4811.7,1
4265.9,1
1883.4,0
984.4,0
1865.9,0
4011.2,1
2373.4,0
4676.0,1
143.7,0
1307.2,0
1278.1,0
2794.6,0
4238.3,1
3228.0,0
267.5,0
4174.6,1
3497.8,1
424.5,0
3286.3,0
3802.0,1
2642.4,0
4775.5,1
858.5,0
2735.5,0
4711.8,1
863.8,0
3018.4,0
2261.7,0
3337.8,0
1358.4,0
4942.9,1
3070.7,0
4145.9,1
430.1,0
455.9,0
749.3,0
4670.6,1
1056.5,0
1852.1,0
1533.3,0
1706.3,0
3958.3,1
2899.7,0
504.4,0
1309.8,0
2866.0,0
3442.1,1
2648.3,0
4468.9,1
614.9,0
3324.3,0
1711.7,0
1099.1,0
3793.1,1
2744.1,0
3723.1,1
45.1,0
2280.4,0
3364.3,0
40.8,0
1305.9,0
75.3,0
592.4,0
3194.5,0
790.0,0
4099.3,1
205.3,0
2925.0,0
1433.5,0
4683.1,1
2272.9,0
2064.3,0
3361.5,0
1103.4,0
2342.9,0
4690.7,1
3299.9,0
2683.6,0
1222.6,0
4829.2,1
4717.1,1
2285.4,0
311.4,0
1902.1,0
1802.7,0
944.2,0
3907.9,1
2573.2,0
3568.5,1
2296.4,0
2077.5,0
2672.2,0
3331.6,0
1816.9,0
1737.6,0
3021.6,0
3547.8,1
1303.9,0
3979.5,1
4105.0,1
848.7,0
1418.3,0
1116.7,0
3355.8,0
4556.5,1
2916.5,0
4209.3,1
4918.6,1
2225.5,0
4031.2,1
501.2,0
1211.1,0
3398.9,0
4709.9,1
1944.4,0
1859.1,0
161.7,0
2527.4,0
4251.8,1
3998.6,1
3853.7,1
4846.7,1
2688.2,0
1414.3,0
3636.1,1
956.0,0
4932.8,1
3093.1,0
2793.1,0
1995.5,0
565.2,0
732.5,0
750.1,0
2455.3,0
4222.4,1
4612.3,1
2883.0,0
4916.9,1
2678.2,0
3289.6,0
2565.1,0
2253.6,0
1544.7,0
16.1,0
408.3,0
1999.6,0
3749.3,1
2663.6,0
1471.4,0
1944.3,0
2254.1,0
2480.2,0
3560.7,1
3804.4,1
2311.8,0
1071.6,0
3560.7,1
4234.3,1
1124.8,0
4407.6,1
1659.1,0
2664.3,0
4448.6,1
3723.4,1
1238.4,0
1694.9,0
2157.5,0
2793.8,0
788.2,0
3491.9,1
4926.9,1
1294.9,0
3417.5,0
1831.9,0
138.2,0
1030.0,0
2219.1,0
3028.7,0
1135.0,0
3228.1,0
4599.0,1
3507.1,1
1291.7,0
3675.5,1
4204.8,1
1818.0,0
1039.8,0
3178.6,0
4675.1,1
92.6,0
3602.0,1
3450.0,1
583.7,0
518.6,0
28.2,0
1252.7,0
2733.0,0
1761.5,0
117.4,0
3443.4,1
3615.1,1
1963.3,0
1329.8,0
602.8,0
1082.8,0
1454.0,0
2205.9,0
826.4,0
3959.1,1
2324.1,0
1668.7,0
1416.9,0
2304.8,0
3935.3,1
3907.8,1
2693.3,0
2579.6,0
143.1,0
4476.5,1
2435.4,0
3082.9,0
3230.6,0
238.4,0
989.6,0
4771.3,1
3933.2,1
4557.1,1
574.9,0
1887.0,0
3513.1,1
4768.3,1
4537.2,1
3943.3,1
830.3,0
3269.9,0
4183.8,1
1019.3,0
4152.3,1
4210.0,1
4634.4,1
1502.5,0
2291.1,0
1183.5,0
2149.0,0
1536.6,0
1753.9,0
4982.0,1
2273.3,0
3386.4,0
4120.6,1
3997.6,1
1859.6,0
554.3,0
3144.4,0
178.0,0
4108.7,1
3079.1,0
4373.8,1
576.5,0
1538.1,0
3072.1,0
1425.9,0
4157.6,1
3456.5,1
975.6,0
1953.2,0
199.1,0
3017.2,0
3823.7,1
1109.5,0
3356.5,0
781.4,0
1851.6,0
1972.6,0
2780.4,0
1371.5,0
4491.6,1
2524.9,0
3569.4,1
3534.2,1
2428.4,0
3646.7,1
3735.9,1
3328.9,0
1619.6,0
4858.4,1
2913.5,0
287.9,0
2455.3,0
812.4,0
3866.2,1
1385.4,0
3142.3,0
3927.5,1
1561.0,0
3903.9,1
3582.9,1
1056.9,0
4892.7,1
2289.4,0
2002.8,0
3664.2,1
2728.6,0
1832.8,0
298.1,0
2575.5,0
862.5,0
877.4,0
264.3,0
1317.3,0
2185.1,0
1855.2,0
3533.0,1
599.8,0
2946.6,0
3626.9,1
3735.0,1
4574.9,1
4694.4,1
1088.1,0
3061.9,0
4003.3,1
4040.8,1
1993.0,0
3552.1,1
3977.0,1
955.4,0
1517.1,0
6.7,0
2177.5,0
2122.5,0
1174.3,0
3197.1,0
2983.7,0
2835.0,0
4328.5,1
4673.5,1
2683.1,0
539.7,0
451.8,0
3227.9,0
3044.5,0
4956.8,1
4243.6,1
1215.9,0
115.3,0
3725.5,1
331.2,0
3317.1,0
1063.5,0
4356.6,1
4820.3,1
4460.9,1
3580.6,1
4856.1,1
1237.8,0
905.8,0
2722.6,0
4656.9,1
80.8,0
3391.9,0
2577.0,0
1124.5,0
4165.0,1
139.2,0
4295.5,1
4082.2,1
4336.6,1
3943.5,1
3464.0,1
4179.1,1
307.7,0
604.3,0
3281.7,0
1267.1,0
1975.0,0
2643.7,0
2225.1,0
333.7,0
4254.0,1
4218.3,1
3871.3,1
1076.3,0
2280.3,0
2633.7,0
2469.4,0
1236.7,0
3645.7,1
4695.2,1
2127.4,0
1751.0,0
1241.9,0
1649.8,0
1543.4,0
4846.2,1
1956.5,0
3823.3,1
1.2,0
3515.5,1
4971.0,1
263.4,0
2028.4,0
2086.0,0
4975.7,1
138.9,0
4264.0,1
1679.7,0
4918.5,1
1164.0,0
4865.2,1
2186.5,0
3275.8,0
4071.0,1
1743.1,0
3101.4,0
518.1,0
3818.2,1
2422.9,0
1354.0,0
915.4,0
3239.1,0
4393.5,1
1339.8,0
4453.3,1
115.8,0
372.5,0
2778.4,0
2048.5,0
4653.0,1
3845.5,1
656.2,0
3761.9,1
4075.8,1
2519.2,0
4487.1,1
734.4,0
3010.2,0
2084.9,0
1309.3,0
3057.1,0
4567.1,1
197.2,0
499.5,0
3720.8,1
4069.0,1
2193.0,0
558.9,0
883.5,0
4567.2,1
4323.0,1
2981.2,0
3004.7,0
1613.8,0
1635.6,0
2086.2,0
395.4,0
1945.8,0
1872.9,0
4484.5,1
2368.1,0
911.6,0
2082.7,0
1479.3,0
16.7,0
12.2,0
4092.3,1
1998.0,0
437.4,0
3194.3,0
1093.7,0
3441.8,1
1901.2,0
2233.9,0
1679.9,0
3236.1,0
2062.7,0
4171.5,1
4180.4,1
3715.4,1
2328.3,0
2883.6,0
2222.1,0
1966.8,0
2062.5,0
1944.2,0
1861.4,0
2919.3,0
3185.8,0
1794.9,0
101.8,0
599.4,0
105.3,0
4603.2,1
2046.5,0
4869.3,1
4845.5,1
2458.0,0
4584.7,1
1218.5,0
3620.7,1
2153.7,0
2658.7,0
2399.6,0
